COLUMNNAME,FLDNAME,LKP_COLUMN,LKP_DISPLAY_COLUMN,LKP_TABLE,TABLENAME
APPR_B2G_LIC_TYPE,Appr B2G Lic Type,Appr B2G Lic Type,ALIAS,L_SYMBOL,APPREQ
S_FNM_INDEX_TYPE,FNM Index Type,FNM Index Type,ALIAS,L_SYMBOL,ARMINFO
S_FRE_INDEX_TYPE,FRE Index Type,FRE Index Type,ALIAS,L_SYMBOL,ARMINFO
ASSET_VERIFI_TYPE,Asset Verifi Type,Asset Verifi Type,ALIAS,L_SYMBOL,ASSETS
S_ACCOUNT_OWNERSHIP,ActOwnShip,ActOwnShip,ALIAS,L_SYMBOL,Assets
S_ASSET,Asset Type,Asset Type,ALIAS,L_SYMBOL,ASSETS
S_GIFT_PRVDR_TYPE,GftAsstProvdrType,GftAsstProvdrType,ALIAS,L_SYMBOL,ASSETS
S_NOTARYTYPE,NotaryTypeOfPresence,NotaryTypeOfPresence,ALIAS,L_SYMBOL,ASSGNMT
FHA_CLASSIFICATION,FHABorClassification,FHABorClassification,ALIAS,L_SYMBOL,BORROWER
GENDER,Borrower Gender,Borrower Gender,ALIAS,L_SYMBOL,BORROWER
LIVE_RENT_FREE_ENUMS,LivRentFreeEnums,LivRentFreeEnums,ALIAS,L_SYMBOL,BORROWER
S_BOR_UNIT_TYPE,Borrower Unit Type,Borrower Unit Type,ALIAS,L_SYMBOL,BORROWER
S_BORTYP,Borrower Type,Borrower Type,ALIAS,L_SYMBOL,BORROWER
S_CITIZENSHIP,Citizenship,Citizenship,ALIAS,L_SYMBOL,BORROWER
S_COV_BORR_STATUS,CovBorrStatus,CovBorrStatus,ALIAS,L_SYMBOL,BORROWER
S_IVMETH,Method Of Inv Borr,Method Of Inv Borr,ALIAS,L_SYMBOL,BORROWER
S_LEGAL_ENTITY_TYP_OTH,Legal Entity Typ Oth,Legal Entity Typ Oth,ALIAS,L_SYMBOL,BORROWER
S_LEGAL_ENTITY_TYPE,Legal Entity Type,Legal Entity Type,ALIAS,L_SYMBOL,BORROWER
S_MARITL,Marital Status,Marital Status,ALIAS,L_SYMBOL,BORROWER
S_OWNSHP,BA Own Rights,BA Own Rights,ALIAS,L_SYMBOL,BORROWER
S_PARTY_TYPE,PartyType,PartyType,ALIAS,L_SYMBOL,BORROWER
S_UNMARRIED,IsUnmarried,IsUnmarried,ALIAS,L_SYMBOL,BORROWER
S_UNMARRIED_RLTNSHIP,UNMARRIEDRLTNSHPTYP,UNMARRIEDRLTNSHPTYP,ALIAS,L_SYMBOL,BORROWER
S_VESTNG,Borrower Vesting,Borrower Vesting,ALIAS,L_SYMBOL,BORROWER
S_LOAN_PURPOSE,L Loan Purpose,L Loan Purpose,ALIAS,L_SYMBOL,CL_TL_APPLICATION
RECJURTYPE,Rec. Jurisd. Type,Rec. Jurisd. Type,ALIAS,L_SYMBOL,CLOS_GEN
S_MORTRET,Mortgage Return,Mortgage Return,ALIAS,L_SYMBOL,CLOS_GEN
MIPREASN,Reason for Payment,Reason for Payment,ALIAS,L_SYMBOL,CLOSGOVT
S_REFTYP,Gov. Refinance Type,Gov. Refinance Type,ALIAS,L_SYMBOL,CLOSGOVT
S_SOA,Section of Act,Section of Act,ALIAS,L_SYMBOL,CLOSGOVT
S_SOANM,Section of Act NM,Section of Act NM,ALIAS,L_SYMBOL,CLOSGOVT
S_AGENT1,Authorized Agent 1,Closing Agent Type,ALIAS,L_SYMBOL,CLOSNGVA
S_AGENT2,Authorized Agent 2,Closing Agent Type,ALIAS,L_SYMBOL,CLOSNGVA
S_AGENT3,Authorized Agent 3,Closing Agent Type,ALIAS,L_SYMBOL,CLOSNGVA
S_AGENT4,Authorized Agent 4,Closing Agent Type,ALIAS,L_SYMBOL,CLOSNGVA
S_AGENT5,Authorized Agent 5,Closing Agent Type,ALIAS,L_SYMBOL,CLOSNGVA
CCARD_TYPE,CCard Type,CCard Type,ALIAS,L_SYMBOL,COLLECTD
PAYMENT_TYPE,Payment Type,Payment Type,ALIAS,L_SYMBOL,COLLECTD
S_METHOD,Collected Method,Collected Method,ALIAS,L_SYMBOL,COLLECTD
S_PAIDBY,Fee Paid By,Fee Paid By,ALIAS,L_SYMBOL,COLLECTD
S_ODDDAYS_DEFER,Const. Odd Deferral,Const. Odd Deferral,ALIAS,L_SYMBOL,CONS_GEN
S_CONST_PERM_CLOSING,ConsToPermClosing,ConsToPermClosing,ALIAS,L_SYMBOL,CONSREFI
S_CONST_PERM_FEATURE,Const Perm Feature,Const Perm Feature,ALIAS,L_SYMBOL,CONSREFI
S_FNM_REFI_PGM,FNM Refi Pgm,FNM Refi Pgm,ALIAS,L_SYMBOL,CONSREFI
S_FRE_REFI_PGM,FRE Refi Pgm,FRE Refi Pgm,ALIAS,L_SYMBOL,CONSREFI
S_GSE_REFINANCE_PURPOSE,GSE Purp of Refi,GSE Purp of Refi,ALIAS,L_SYMBOL,CONSREFI
S_ORIG_INVESTOR,Original Investor,Original Investor,ALIAS,L_SYMBOL,CONSREFI
S_REFPRP,Purpose of Refinance,Purpose of Refinance,ALIAS,L_SYMBOL,CONSREFI
S_BANKRUPTCY_TYPE,BankruptcyChapter,BankruptcyChapter,ALIAS,L_SYMBOL,DECLRTN
S_PRPTYP,FTH Occupancy,FTH Occupancy,ALIAS,L_SYMBOL,DECLRTN
S_TITLE,FTH Manner Held,FTH Manner Held,ALIAS,L_SYMBOL,DECLRTN
S_BECA1,BECA 1,BECA 1,ALIAS,L_SYMBOL,DELIVERY
S_BECA2,BECA 2,BECA 2,ALIAS,L_SYMBOL,DELIVERY
S_BECF1,BECF 1,BECF 1,ALIAS,L_SYMBOL,DELIVERY
S_BECF2,BECF 2,BECF 2,ALIAS,L_SYMBOL,DELIVERY
S_CCSRC1,Closing Cost Code 1,Closing Cost Code 1,ALIAS,L_SYMBOL,DELIVERY
S_CCSRC2,Closing Cost Code 2,Closing Cost Code 2,ALIAS,L_SYMBOL,DELIVERY
S_CCSRC3,Closing Cost Code 3,Closing Cost Code 3,ALIAS,L_SYMBOL,DELIVERY
S_CCSRC4,Closing Cost Code 4,Closing Cost Code 4,ALIAS,L_SYMBOL,DELIVERY
S_DPSRC1,Down Payment Src 1,Down Payment Src 1,ALIAS,L_SYMBOL,DELIVERY
S_DPSRC2,Down Payment Src 2,Down Payment Src 2,ALIAS,L_SYMBOL,DELIVERY
S_DPSRC3,Down Payment Src 3,Down Payment Src 3,ALIAS,L_SYMBOL,DELIVERY
S_DPSRC4,Down Payment Src 4,Down Payment Src 4,ALIAS,L_SYMBOL,DELIVERY
S_FNM_HOME_IMP_PROD,FNM Home Imp Prod,FNM Home Imp Prod,ALIAS,L_SYMBOL,DELIVERY
S_INT_ACCRUAL_TYPE,InterestAccrualType,InterestAccrualType,ALIAS,L_SYMBOL,DELIVERY
S_INT_CALC_BASIS_TYPE,Int Calc Basis Type,Int Calc Basis Type,ALIAS,L_SYMBOL,DELIVERY
S_INT_CALC_METHOD,Interest Calc Type,Interest Calc Type,ALIAS,L_SYMBOL,DELIVERY
S_INT_CALC_PERIOD,Int Calc Period,Int Calc Period,ALIAS,L_SYMBOL,DELIVERY
S_LFC,Loan Feature Code,Loan Feature Code,ALIAS,L_SYMBOL,DELIVERY
S_SFSRC1,Secondary Fin 1,Secondary Fin 1,ALIAS,L_SYMBOL,DELIVERY
S_SFSRC2,Secondary Fin 2,Secondary Fin 2,ALIAS,L_SYMBOL,DELIVERY
S_SIGNDOCPUSHBACK,SignDocPushBack,SignDocPushBack,ALIAS,L_SYMBOL,DELIVERY
S_SPF1,Spec. Feature Code 1,Spec. Feature Code 1,ALIAS,L_SYMBOL,DELIVERY
S_SPF10,Spec. Feature Code10,Spec. Feature Code10,ALIAS,L_SYMBOL,DELIVERY
S_SPF2,Spec. Feature Code 2,Spec. Feature Code 2,ALIAS,L_SYMBOL,DELIVERY
S_SPF3,Spec. Feature Code 3,Spec. Feature Code 3,ALIAS,L_SYMBOL,DELIVERY
S_SPF4,Spec. Feature Code 4,Spec. Feature Code 4,ALIAS,L_SYMBOL,DELIVERY
S_SPF5,Spec. Feature Code 5,Spec. Feature Code 5,ALIAS,L_SYMBOL,DELIVERY
S_SPF6,Spec. Feature Code 6,Spec. Feature Code 6,ALIAS,L_SYMBOL,DELIVERY
S_SPF7,Spec. Feature Code 7,Spec. Feature Code 7,ALIAS,L_SYMBOL,DELIVERY
S_SPF8,Spec. Feature Code 8,Spec. Feature Code 8,ALIAS,L_SYMBOL,DELIVERY
S_SPF9,Spec. Feature Code 9,Spec. Feature Code 9,ALIAS,L_SYMBOL,DELIVERY
S_DOWN_PMT_SRC_OTH,Downpaymt Src Oth,Downpaymt Src Oth,ALIAS,L_SYMBOL,DOWNPYMT
S_DOWN_PMT_SRC_TYP,Down Pymt Source Typ,Down Pymt Source Typ,ALIAS,L_SYMBOL,DOWNPYMT
S_DOWN_PMT_TYP,Down Pymt Typ,Down Pymt Typ,ALIAS,L_SYMBOL,DOWNPYMT
S_TYPE,Downpaymt Type,Downpaymt Type,ALIAS,L_SYMBOL,DOWNPYMT
S_TYPE_OTH,Downpaymt Type Oth,Downpaymt Type Oth,ALIAS,L_SYMBOL,DOWNPYMT
S_PURCH_CREDIT_TYPE,Purchase Credit Type,Purchase Credit Type,ALIAS,L_SYMBOL,DTLTRAN
S_PURCH_SOURCE_TYPE,Purchase Source Type,Purchase Source Type,ALIAS,L_SYMBOL,DTLTRAN
S_TRAN,Credit Types,Credit Types,ALIAS,L_SYMBOL,DTLTRAN
AGENCYSPLPRODUCTS,Agency SPL Products,Agency SPL Products,ALIAS,L_SYMBOL,DU4LOAN
S_ACT_EST_INDICATOR,Act vs Est Ind,Act vs Est Ind,ALIAS,L_SYMBOL,DU4LOAN
S_ARMNUM,FNMA ARM Plan Num,FNMA ARM Plan Num,ALIAS,L_SYMBOL,DU4LOAN
S_CRAGENCY,DU4 Credit Agency,DU4 Credit Agency,ALIAS,L_SYMBOL,DU4LOAN
S_INDEXTYPE,DU4 Index Type,DU4 Index Type,ALIAS,L_SYMBOL,DU4LOAN
PRODUCT,Product,Product,ALIAS,L_SYMBOL,EIS_MTM_PRICINGDATA
S_TYPE,Escrow HB Type,Escrow HB Type,ALIAS,L_SYMBOL,ESCROWHB
S_AGGTYPE,Fee Aggregation Type,Fee Aggregation Type,ALIAS,L_SYMBOL,FEEVALS
S_CHANGE_TYPE,Fee Change Type,Fee Change Type,ALIAS,L_SYMBOL,FEEVALS
S_PAIDBY,Fee Paid By Type,Fee Paid By Type,ALIAS,L_SYMBOL,FEEVALS
S_PAIDTO,Fee Paid To Type,Fee Paid To Type,ALIAS,L_SYMBOL,FEEVALS
S_PERIOD,Escrow Period,Escrow Period,ALIAS,L_SYMBOL,FEEVALS
S_RESP_PARTY,Fee Resp Party,Fee Resp Party,ALIAS,L_SYMBOL,FEEVALS
S_SECTION_TYPE,Fee ID Section Type,Fee ID Section Type,ALIAS,L_SYMBOL,FEEVALS
S_TOLERANCE_CATEGORY,FeeToleranceCategory,FeeToleranceCategory,ALIAS,L_SYMBOL,FEEVALS
S_FLDZON,Flood Map Zone,Flood Map Zone,ALIAS,L_SYMBOL,FLOOD
S_CATEGORY,Document Category,Document Category,ALIAS,L_SYMBOL,FRMDOCS
S_SIGTYPE,Doc Signature Type,Doc Signature Type,ALIAS,L_SYMBOL,FRMDOCS
S_ORIG_LOAN_PURP,Refi Loan Purpose,Refi Loan Purpose,ALIAS,L_SYMBOL,GF_REFIINFO
S_ORIG_LOAN_TYPE,Refi Loan Type,Refi Loan Type,ALIAS,L_SYMBOL,GF_REFIINFO
S_MTG_ORIG,Mtg Org Type,Mtg Org Type,ALIAS,L_SYMBOL,GF_TL_1008INFO
S_RISK_ASSESS,Risk Assessment Type,Risk Assessment Type,ALIAS,L_SYMBOL,GF_TL_1008INFO
DU_COMM_LEND_PROD,DU Comm Lend Product,DU Comm Lend Product,ALIAS,L_SYMBOL,GF_TL_AUDATA
S_PERCENT_801,FR_Percent_801,FR_Percent_801,ALIAS,L_SYMBOL,GF_TL_BALLOON_MATURE
S_PERCENT_802,FR_Percent_802,FR_Percent_802,ALIAS,L_SYMBOL,GF_TL_BALLOON_MATURE
BUYDN_DISB_TYPE,Buydn Disb Type,Buydn Disb Type,ALIAS,L_SYMBOL,GF_TL_BUYDOWN_SUBSIDY
BUYDOWN_CONTRIBUTOR_TYPE,Buydown Contributor,Buydown Contributor,ALIAS,L_SYMBOL,GF_TL_BUYDOWN_SUBSIDY
S_APPRAISERSELECTTYPE,FHA Apprs Select Typ,FHA Apprs Select Typ,ALIAS,L_SYMBOL,GF_TL_CLOSFHA
S_FHA_LOAN_PURPOSE,FHA Loan Purpose,FHA Loan Purpose,ALIAS,L_SYMBOL,GF_TL_CLOSFHA
S_FHA_TYPE_OF_CASE,FHA Type of Case,FHA Type of Case,ALIAS,L_SYMBOL,GF_TL_CLOSFHA
S_FHABORRCLASS,FHA BorrowerClsType,FHA BorrowerClsType,ALIAS,L_SYMBOL,GF_TL_CLOSFHA
S_FHACASETYPE,FHA Case Type,FHA Case Type,ALIAS,L_SYMBOL,GF_TL_CLOSFHA
S_INSPTYPE,FHA Inspection Type,FHA Inspection Type,ALIAS,L_SYMBOL,GF_TL_CLOSFHA
S_REFITYPE,Refi Type,Refi Type,ALIAS,L_SYMBOL,GF_TL_CLOSFHA
FHA_AMTYPE,FHA AmortizationType,FHA AmortizationType,ALIAS,L_SYMBOL,GF_TL_CLOSGOVT
S_ADP,ADP Code,ADP Code,ALIAS,L_SYMBOL,GF_TL_CLOSGOVT
S_AGENCYTYPE,FHAVA Agency Type,FHAVA Agency Type,ALIAS,L_SYMBOL,GF_TL_CLOSGOVT
S_CASE_STATUS,FHAVA Case Status,FHAVA Case Status,ALIAS,L_SYMBOL,GF_TL_CLOSGOVT
S_EEMHOMETYPE,EEM Home Type,EEM Home Type,ALIAS,L_SYMBOL,GF_TL_CLOSGOVT
S_FHASPECIALPGM,Special Program,Special Program,ALIAS,L_SYMBOL,GF_TL_CLOSGOVT
S_FINANCINGTYPE,FHA Finance Type,FHA Finance Type,ALIAS,L_SYMBOL,GF_TL_CLOSGOVT
S_GOVREFITYPE_NM,Gov. Refi Type NM,Gov. Refi Type NM,ALIAS,L_SYMBOL,GF_TL_CLOSGOVT
S_HOUSING_PROGRAM,FHA Housing Program,FHA Housing Program,ALIAS,L_SYMBOL,GF_TL_CLOSGOVT
S_HUD_FLDOFFICE,HUD Field Office,HUD Field Office,ALIAS,L_SYMBOL,GF_TL_CLOSGOVT
S_PROCCODE,FHAVA Process Type,FHAVA Process Type,ALIAS,L_SYMBOL,GF_TL_CLOSGOVT
S_BUSTYPE,Business Type,Business Type,ALIAS,L_SYMBOL,GF_TL_CLOSING
S_CLS_DOCS_METHOD_OF_DELIV,Clos Docs Meth Deliv,Clos Docs Meth Deliv,ALIAS,L_SYMBOL,GF_TL_CLOSING
CONDOPUD_TYPE,CondoPudWrnty_Type,CondoPudWrnty_Type,ALIAS,L_SYMBOL,GF_TL_CONSTESCROW
S_SELDEC,Select Dec,Select Dec,ALIAS,L_SYMBOL,GF_TL_CREDIT_SCORE
SF_LENDER_ID_TYPE,SecondaryFin ID Type,SecondaryFin ID Type,ALIAS,L_SYMBOL,GF_TL_DELIVERY
PACKAGETYPE,DocuTech Package Typ,DocuTech Package Typ,ALIAS,L_SYMBOL,GF_TL_DOCUTECH_REQUEST
S_FUNDTYPE,Fund Method,Fund Method,ALIAS,L_SYMBOL,GF_TL_FUNDING
S_INCL_PAYOFF,IncludePayoffInDisb,IncludePayoffInDisb,ALIAS,L_SYMBOL,GF_TL_FUNDING
STATUS,Loan Status,Loan Status,ALIAS,L_SYMBOL,GF_TL_FUNDING_LETTER
S_RESP_PARTY,Fee Resp Party,Fee Resp Party,ALIAS,L_SYMBOL,GF_TL_GFE_FEE_SNAPSHOT
S_PRODUCT,HAMP Orig Product,HAMP Orig Product,ALIAS,L_SYMBOL,GF_TL_HAMP_ORIGINAL_LOAN
S_DENIAL_REASON,HAMP Denial Reasons,HAMP Denial Reasons,ALIAS,L_SYMBOL,GF_TL_HAMP_TRACKING
S_INVESTOR,GSE Investor,GSE Investor,ALIAS,L_SYMBOL,GF_TL_HAMP_TRACKING
COMMITMENT_PROGRAM,Commitment Program,Commitment Program,ALIAS,L_SYMBOL,GF_TL_INVESTOR_LOCK
S_INV_LOCK_PERIOD,InvLk Lock Period,InvLk Lock Period,ALIAS,L_SYMBOL,GF_TL_INVESTOR_LOCK
S_INVLK_LOCK_STS,InvLk Lock Status,InvLk Lock Status,ALIAS,L_SYMBOL,GF_TL_INVESTOR_LOCK
S_SM_STATUS,SM Status,SM Status,ALIAS,L_SYMBOL,GF_TL_INVESTOR_LOCK
DMI_BILLING_MODE,DMI Billing Mode,DMI Billing Mode,ALIAS,L_SYMBOL,GF_TL_LOAN_DATA
DMI_OWN_RIGHTS,DMI Ownership Rights,DMI Ownership Rights,ALIAS,L_SYMBOL,GF_TL_LOAN_DATA
S_AUS_RESULT,AUSResult,AUSResult,ALIAS,L_SYMBOL,GF_TL_LOAN_DATA
S_AUSUWTYPE,AUS UW Type,AUS UW Type,ALIAS,L_SYMBOL,GF_TL_LOAN_DATA
S_BRANCH_TYPE,Branch Type,Branch Type,ALIAS,L_SYMBOL,GF_TL_LOAN_DATA
S_INDEX,ARM Index Type,ARM Index Type,ALIAS,L_SYMBOL,GF_TL_LOAN_DATA
S_INIT_DISC_DELIVERY_MTHD,Init Disc Dlvry Mthd,Init Disc Dlvry Mthd,ALIAS,L_SYMBOL,GF_TL_LOAN_DATA
S_INTPRD_COMM_MET,Communication Method,Communication Method,ALIAS,L_SYMBOL,GF_TL_LOAN_DATA
S_WELCOME_CALL,Welcome Call,Welcome Call,ALIAS,L_SYMBOL,GF_TL_LOAN_DATA
S_LOAN_STATUS,Loan Status,Loan Status,ALIAS,L_SYMBOL,GF_TL_LOAN_STATUS
INV_CODE_OVR,Inv Code Ovr,INVESTORCODE,INVESTORNAME,GF_TS_PNP_IPG_INVESTOR,GF_TL_PNP_IPG_DETAIL
INV_PRICE_CODE_OVR,Inv Price Code Ovr,PRICING_GROUP_CODE,PRICING_GROUP_NAME,GF_TS_PNP_IPG_PRICING,GF_TL_PNP_IPG_DETAIL
INV_PROD_CODE_OVR,Inv Prod Code Ovr,PRODUCTCODE,PRODUCTNAME,GF_TS_PNP_IPG_PRODUCT,GF_TL_PNP_IPG_DETAIL
INV_PROG_CODE_OVR,Inv Prog Code Ovr,PROGRAMCODE,PROGRAMNAME,GF_TS_PNP_IPG_PROGRAM,GF_TL_PNP_IPG_DETAIL
INVESTOR_CODE,Inv Code,INVESTORCODE,INVESTORNAME,GF_TS_PNP_IPG_INVESTOR,GF_TL_PNP_IPG_DETAIL
PRICE_GROUP_CODE,Inv Price Code,PRICING_GROUP_CODE,PRICING_GROUP_NAME,GF_TS_PNP_IPG_PRICING,GF_TL_PNP_IPG_DETAIL
PRODUCT_CODE,Inv Product Code,PRODUCTCODE,PRODUCTNAME,GF_TS_PNP_IPG_PRODUCT,GF_TL_PNP_IPG_DETAIL
PROGRAM_CODE,Inv Program Code,PROGRAMCODE,PROGRAMNAME,GF_TS_PNP_IPG_PROGRAM,GF_TL_PNP_IPG_DETAIL
S_ASSUMABILITY_FEATURE,AssumFeatureCode,AssumFeatureCode,ALIAS,L_SYMBOL,GF_TL_PNP_IPG_DETAIL
S_AUS_IND,AUS Ind,IPG_AUSIndicator,ALIAS,L_SYMBOL,GF_TL_PNP_IPG_DETAIL
S_SPEC_PROG,IPG Special Program,IPG Special Program,ALIAS,L_SYMBOL,GF_TL_PNP_IPG_DETAIL
PER_DIEM_CALC_BASIS,PerDiem Calc Basis,PerDiem Calc Basis,ALIAS,L_SYMBOL,GF_TL_POINT_OF_SALE_INFO
S_GFE_TIME_ZONE,GFE Time Zone,GFE Time Zone,ALIAS,L_SYMBOL,GF_TL_POINT_OF_SALE_INFO
S_LNSTATUS,Loan Status POS,Loan Status POS,ALIAS,L_SYMBOL,GF_TL_POINT_OF_SALE_INFO
S_REFSC,REFERRAL SOURCE,REFERRAL SOURCE,ALIAS,L_SYMBOL,GF_TL_POINT_OF_SALE_INFO
S_BALL_CON_OPT_TYPE,Balloon Con Opt Type,Balloon Con Opt Type,ALIAS,L_SYMBOL,GF_TL_PRODUCT_DEFINITION
S_POOL_STATUS,Pool Status,Pool Status,ALIAS,L_SYMBOL,GF_TL_SECONDARY
DWELLING_FOUND_TYPE,Dwelling Fndtn Type,Dwelling Fndtn Type,ALIAS,L_SYMBOL,GF_TL_SUBJPRP
INDIANCTRYLANDTENOTH,IndianCtryLandTenOth,IndianCtryLandTenOth,ALIAS,L_SYMBOL,GF_TL_SUBJPRP
INDIANCTYLANDTENURE,IndianCtryLandTenure,IndianCtryLandTenure,ALIAS,L_SYMBOL,GF_TL_SUBJPRP
PARKING_FACILITY,Parking Facility,Parking Facility,ALIAS,L_SYMBOL,GF_TL_SUBJPRP
S_PROP_STATUS,Property Status,Property Status,ALIAS,L_SYMBOL,GF_TL_SUBJPRP
URLAINDIANCTRYLNDTNR,URLAIndianCtryLand,URLAIndianCtryLand,ALIAS,L_SYMBOL,GF_TL_SUBJPRP
WATERSOURCE,Water Source,Water source,ALIAS,L_SYMBOL,GF_TL_SUBJPRP
S_EXCEPTSTAT,Exception Status,Exception Status,ALIAS,L_SYMBOL,GF_TL_UW_1
S_REASON,Target Reason,Target Reason,ALIAS,L_SYMBOL,GF_TL_UW_1
CREDIT_SCORE_IMPAIRMENT,Credit Score Impair,Credit Score Impair,ALIAS,L_SYMBOL,GF_TL_UW_4
CREDIT_SELECTION_METHOD,Credit Select Method,Credit Select Method,ALIAS,L_SYMBOL,GF_TL_UW_4
S_IMAGE_STATUS,UWCondImageStatus,UWCondImageStatus,ALIAS,L_SYMBOL,GF_TL_UW_COND_IMAGES
APP_DELIVERED_DATETYPE,AppraisalDelDateType,AppraisalDelDateType,ALIAS,L_SYMBOL,GF_TL_UWAPPREXT
S_CAR_STORAGE_TYPE,Car Storage Type,Car Storage Type,ALIAS,L_SYMBOL,GF_TL_UWAPPREXT
S_FLOODMAPZONE,Flood Map Zone,Flood Map Zone,ALIAS,L_SYMBOL,GF_TL_UWAPPREXT
S_FOUNDATION_TYPE,Foundation Type,Foundation Type,ALIAS,L_SYMBOL,GF_TL_UWAPPREXT
S_PROP_LOC_TYPE,Prop Location Type,Prop Location Type,ALIAS,L_SYMBOL,GF_TL_UWAPPREXT
EMP_STATUS,Emp Status,Emp Status,ALIAS,L_SYMBOL,GF_TL_VOE
S_VOE_HOW_VERIFIED,VOE How Verified,VOE How Verified,ALIAS,L_SYMBOL,GF_TL_VOE
S_VOE_VERIF_ACTION,VOE Verification Act,VOE Verification Act,ALIAS,L_SYMBOL,GF_TL_VOE
S_MAIL_UNIT_TYPE,Bor Mailing Unit Typ,Bor Mailing Unit Typ,ALIAS,L_SYMBOL,GF_TLB_MAILING
ETHINICITY,Borrower Ethnicity,Borrower Ethnicity,ALIAS,L_SYMBOL,GF_TLBR_ADDITIONALDATA
S_COUNSEL_CONFIRM_OTH,Counsel Confirm Oth,Counsel Confirm Oth,ALIAS,L_SYMBOL,GF_TLBR_ADDITIONALDATA
S_COUNSEL_CONFIRM_TYP,Counsel Confirm Typ,Counsel Confirm Typ,ALIAS,L_SYMBOL,GF_TLBR_ADDITIONALDATA
S_COUNSEL_FORMAT_TYP,Counsel Format Typ,Counsel Format Typ,ALIAS,L_SYMBOL,GF_TLBR_ADDITIONALDATA
S_CREDIT_TYPE,Borr Credit Rq Type,Borr Credit Rq Type,ALIAS,L_SYMBOL,GF_TLBR_ADDITIONALDATA
S_FIRSTTIMEHBCOUNSEL,1stTimeHBCounselType,1stTimeHBCounselType,ALIAS,L_SYMBOL,GF_TLBR_ADDITIONALDATA
S_LANGUAGEPREFERENCE,Language Preference,Language Preference,ALIAS,L_SYMBOL,GF_TLBR_ADDITIONALDATA
S_MLA_CREDIT_REPORT_STATUS,Credit Report Status,Credit Report Status,ALIAS,L_SYMBOL,GF_TLBR_ADDITIONALDATA
S_TITLE,Borrower Title,Borrower Title,ALIAS,L_SYMBOL,GF_TLBR_ADDITIONALDATA
S_BORR_ALIAS,Bor Alias Type,Bor Alias Type,ALIAS,L_SYMBOL,GF_TLBR_ALIAS
S_ASSIST_PVDR_TYP,Assist. Provdr Type,Assist. Provdr Type,ALIAS,L_SYMBOL,GF_TLBR_ASSIST_PROGRAMS
S_ASSIST_TYPE,Assistance Type,Assistance Type,ALIAS,L_SYMBOL,GF_TLBR_ASSIST_PROGRAMS
IDENTIFICATION_TYPE,Borrower ID Type,Borrower ID Type,ALIAS,L_SYMBOL,GF_TLBR_BORROWERID
MODEL_TYPE,Res Score Model Type,Res Score Model Type,ALIAS,L_SYMBOL,GF_TLBR_CREDIT_SCORE
REASON_TYPE,Res Score Exl Reason,Res Score Exl Reason,ALIAS,L_SYMBOL,GF_TLBR_CREDIT_SCORE
SOURCE_TYPE,Res Score Reps Type,Res Score Reps Type,ALIAS,L_SYMBOL,GF_TLBR_CREDIT_SCORE
S_ETHNICITY,Borrower Ethnicity,Borrower Ethnicity,ALIAS,L_SYMBOL,GF_TLBR_ETHNICITY
PRINT_POSITION_TYPE,MI Bor Prnt Pos,MI Bor Prnt Pos,ALIAS,L_SYMBOL,GF_TLBR_MI_RES_BORROWER
S_RACE,Borrower Race,Borrower Race,ALIAS,L_SYMBOL,GF_TLBR_RACE
CRDT_SC_EXCLU_REASON,Crdt Sc Exclu Reason,Crdt Sc Exclu Reason,ALIAS,L_SYMBOL,GF_TLBR_RAW_SCORES
CRDT_SC_MODEL_NAME,Crdt Sc Model Name,Crdt Sc Model Name,ALIAS,L_SYMBOL,GF_TLBR_RAW_SCORES
CREDIT_REP_SOURCE,Credit Rep Source,Credit Rep Source,ALIAS,L_SYMBOL,GF_TLBR_RAW_SCORES
S_SUBETHNICITY,Borrower Sub Ethni,Borrower Sub Ethni,ALIAS,L_SYMBOL,GF_TLBR_SUBETHNICITY
S_SUBRACE,Borrower Sub Race,Borrower Sub Race,ALIAS,L_SYMBOL,GF_TLBR_SUBRACE
REQSTATUS,CBCAPR ReqStat,CBCAPR ReqStat,ALIAS,L_SYMBOL,GF_TLR_CBC_APPRAISAL_REQ
REQTYPE,CBCAPR ReqType,CBCAPR ReqType,ALIAS,L_SYMBOL,GF_TLR_CBC_APPRAISAL_REQ
SOURCE_TYPE,Res Err Source Type,Res Err Source Type,ALIAS,L_SYMBOL,GF_TLR_CREDIT_ERROR
TYPE,Crdt Rprt Price Type,Crdt Rprt Price Type,ALIAS,L_SYMBOL,GF_TLR_CREDIT_REPORT_PRICE
MERGE_TYPE,Crdt Rprt Merge Type,Crdt Rprt Merge Type,ALIAS,L_SYMBOL,GF_TLR_CREDIT_RESPONSE
RATEING_CODE_TYPE,Crdt Rprt Rating Ty,Crdt Rprt Rating Ty,ALIAS,L_SYMBOL,GF_TLR_CREDIT_RESPONSE
REPORT_TYPE,Credit Report Type,Credit Report Type,ALIAS,L_SYMBOL,GF_TLR_CREDIT_RESPONSE
ACH_ACCOUNT_TYPE,ACHAccountType,ACHAccountType,ALIAS,L_SYMBOL,GF_TLR_DISBURSEMENTS
ACH_DEBIT_OR_CREDIT,ACHDebitOrCredit,ACHDebitOrCredit,ALIAS,L_SYMBOL,GF_TLR_DISBURSEMENTS
S_FMETHOD,Disb Trans Method,Disb Trans Method,ALIAS,L_SYMBOL,GF_TLR_DISBURSEMENTS
S_FSTATUS,Disb Trans Status,Disb Trans Status,ALIAS,L_SYMBOL,GF_TLR_DISBURSEMENTS
S_TYPE,Disb Instance Type,Disb Instance Type,ALIAS,L_SYMBOL,GF_TLR_DISBURSEMENTS
NFIP_FLOOD_REV_TYPE,NFIP Flood Rev Type,NFIP Flood Rev Type,ALIAS,L_SYMBOL,GF_TLR_FLOOD_DETMN
NFIP_STATUS_TYPE,Flood NFIPStatusType,Flood NFIPStatusType,ALIAS,L_SYMBOL,GF_TLR_FLOOD_DETMN
ACTIONTYPE,FloodReq Action Type,FloodReq Action Type,ALIAS,L_SYMBOL,GF_TLR_FLOOD_REQUEST
S_FLDDET,Fld Req Detrmn Type,Fld Req Detrmn Type,ALIAS,L_SYMBOL,GF_TLR_FLOOD_REQUEST
S_LOAN_PRODUCT_TYPE,HFH Loan ProductType,HFH Loan ProductType,ALIAS,L_SYMBOL,GF_TLR_HOPE_PREV_LIEN
S_MORT_PROVIDER_TYPE,HFH MortProviderType,HFH MortProviderType,ALIAS,L_SYMBOL,GF_TLR_HOPE_PREV_LIEN
S_SHARED_APPR,HFH Shared Apprec,HFH Shared Apprec,ALIAS,L_SYMBOL,GF_TLR_HOPE_PREV_LIEN
COVG_RESOLUTION,Ins Covg Resolution,Ins Covg Resolution,ALIAS,L_SYMBOL,GF_TLR_INSURANCE
S_ESCINS,Escrow Ins Type,Escrow Ins Type,ALIAS,L_SYMBOL,GF_TLR_INSURANCE
S_INSTYPE,Insurance Type,Insurance Type,ALIAS,L_SYMBOL,GF_TLR_INSURANCE
SECURED_PARTY_INS,Secured Party Ins,Secured Party Ins,ALIAS,L_SYMBOL,GF_TLR_INSURANCE
MI_CERTIFICATE_TYPE,MI Certificate Type,MI Certificate Type,ALIAS,L_SYMBOL,GF_TLR_MI_APP_REQUEST
MI_COVERAGE_PLAN_TYPE,MI Coverage Type,MI Coverage Type,ALIAS,L_SYMBOL,GF_TLR_MI_APP_REQUEST
MI_DURATION_TYPE,MI Duration Code,MI Duration Code,ALIAS,L_SYMBOL,GF_TLR_MI_APP_REQUEST
MI_INITIAL_PRM_AT_CLSNG_TYPE,MI Initial Prem Typ,MI Initial Prem Typ,ALIAS,L_SYMBOL,GF_TLR_MI_APP_REQUEST
MI_PREM_PAY_TYPE,MIPremiumPaymentType,MIPremiumPaymentType,ALIAS,L_SYMBOL,GF_TLR_MI_APP_REQUEST
MI_PREM_REFUND_TYPE,MIPremiumRefund Type,MIPremiumRefund Type,ALIAS,L_SYMBOL,GF_TLR_MI_APP_REQUEST
MI_PREMIUM_RATE_PLAN_TYPE,MIPrem Rate Plan Typ,MIPrem Rate Plan Typ,ALIAS,L_SYMBOL,GF_TLR_MI_APP_REQUEST
MI_REDUCED_LOAN_DOC_TYPE,MIReducedLoanDoc Typ,MIReducedLoanDoc Typ,ALIAS,L_SYMBOL,GF_TLR_MI_APP_REQUEST
MI_REQUEST_TYPE,MI Request Type,MI Request Type,ALIAS,L_SYMBOL,GF_TLR_MI_APP_REQUEST
MI_SUB_PRIME_PROG_TYPE,MISubPrimeProgramTyp,MISubPrimeProgramTyp,ALIAS,L_SYMBOL,GF_TLR_MI_APP_REQUEST
MIAPPLICATIONTYPE,MI Application Type,MI Application Type,ALIAS,L_SYMBOL,GF_TLR_MI_APP_REQUEST
RENEWAL_CALC_TYPE,MI Renewal Calc Type,MI Renewal Calc Type,ALIAS,L_SYMBOL,GF_TLR_MI_APP_REQUEST
CODE_TYPE,MIPremiumTaxCodeType,MIPremiumTaxCodeType,ALIAS,L_SYMBOL,GF_TLR_MI_PREMIUM_TAX
TYPE,MI Res Cntct Pnt Typ,MI Res Cntct Pnt Typ,ALIAS,L_SYMBOL,GF_TLR_MI_RES_CONTACT_POINT
MI_APPLICATION_TYPE,MIApplicationType,MIApplicationType,ALIAS,L_SYMBOL,GF_TLR_MI_RESPONSE
MI_CERTIFICATE_TYPE,MICertificateType,MICertificateType,ALIAS,L_SYMBOL,GF_TLR_MI_RESPONSE
MI_DECISION_TYPE,MIDecisionType,MIDecisionType,ALIAS,L_SYMBOL,GF_TLR_MI_RESPONSE
MI_DURATION_TYPE,MIDurationType,MIDurationType,ALIAS,L_SYMBOL,GF_TLR_MI_RESPONSE
MI_INITIAL_PREM_PAC_TYPE,MIInitPremPrpdatClTy,MIInitPremPrpdatClTy,ALIAS,L_SYMBOL,GF_TLR_MI_RESPONSE
MI_PREMIUM_PAYMENT_TYPE,MIPremiumPaymentType,MIPremiumPaymentType,ALIAS,L_SYMBOL,GF_TLR_MI_RESPONSE
MI_PREMIUM_RATE_PLAN_TYPE,MIPremiumRatePlanTyp,MIPremiumRatePlanTyp,ALIAS,L_SYMBOL,GF_TLR_MI_RESPONSE
MI_RENEWAL_CALCULATION_TYPE,MIRenewalCalculation,MIRenewalCalculation,ALIAS,L_SYMBOL,GF_TLR_MI_RESPONSE
LEADSTAT,LeadStatus,LeadStatus,ALIAS,L_SYMBOL,GF_TLR_PROSPECT
PRIMTHCT,PrimaryMethContact,PrimaryMethContact,ALIAS,L_SYMBOL,GF_TLR_PROSPECT
ZONE,GFE Time Zone,GFE Time Zone,ALIAS,L_SYMBOL,GF_TLR_PROSPECT
S_EMP_REGO_TYPE,Emp Reg O Type,Emp Reg O Type,ALIAS,L_SYMBOL,GF_TLR_REG_O
ACTION_TYPE,Req Credit Action Ty,Req Credit Action Ty,ALIAS,L_SYMBOL,GF_TLR_REQ_CREDIT_DATA
REPORT_TYPE,Req Cred Report Type,Req Cred Report Type,ALIAS,L_SYMBOL,GF_TLR_REQ_CREDIT_DATA
REQUEST_TYPE,Req Crd Request Type,Req Crd Request Type,ALIAS,L_SYMBOL,GF_TLR_REQ_CREDIT_DATA
SOURCE_TYPE,Req Cred Inq Source,Req Cred Inq Source,ALIAS,L_SYMBOL,GF_TLR_REQ_CREDIT_INQRY_CMMNT
CREDIT_BUSINESS_TYPE,Req Cred Inq Bus Typ,Req Cred Inq Bus Typ,ALIAS,L_SYMBOL,GF_TLR_REQ_CREDIT_INQUIRY
INQUIRY_RESULT_TYPE,Req Cred Inq Reslt,Req Cred Inq Reslt,ALIAS,L_SYMBOL,GF_TLR_REQ_CREDIT_INQUIRY
SOURCE_TYPE,Req Cred Inq Rep Src,Req Cred Inq Rep Src,ALIAS,L_SYMBOL,GF_TLR_REQ_CREDIT_INQUIRY_REP
STATUS_TYPE,Req Cred Inq Ver Typ,Req Cred Inq Ver Typ,ALIAS,L_SYMBOL,GF_TLR_REQ_CREDIT_INQUIRY_VER
SOURCE_TYPE,Req Cred Lia Source,Req Cred Lia Source,ALIAS,L_SYMBOL,GF_TLR_REQ_CREDIT_LBLTY_CMMNT
SOURCE_TYPE,Req Lia Reps Type,Req Lia Reps Type,ALIAS,L_SYMBOL,GF_TLR_REQ_CREDIT_LIAB_REP
ACCOUNT_STATUS_TYPE,Req Lia Ststus Date,Req Lia Ststus Date,ALIAS,L_SYMBOL,GF_TLR_REQ_CREDIT_LIABILITY
ACCOUNT_TYPE,Req Lia Account Type,Req Lia Account Type,ALIAS,L_SYMBOL,GF_TLR_REQ_CREDIT_LIABILITY
CREDIT_BUSINESS_TYPE,Req Lia Crdt Bus Typ,Req Lia Crdt Bus Typ,ALIAS,L_SYMBOL,GF_TLR_REQ_CREDIT_LIABILITY
CREDIT_LOAN_TYPE,Req Lia Crdt Loan Ty,Req Lia Crdt Loan Ty,ALIAS,L_SYMBOL,GF_TLR_REQ_CREDIT_LIABILITY
CURRENT_RATING_TYPE,Req Lia Rateing Type,Req Lia Rateing Type,ALIAS,L_SYMBOL,GF_TLR_REQ_CREDIT_LIABILITY
OWNERSHIP_TYPE,Req Lia Ownership Ty,Req Lia Ownership Ty,ALIAS,L_SYMBOL,GF_TLR_REQ_CREDIT_LIABILITY
RECENT_ADVERSE_TYPE,Req Lia Rcnt Type,Req Lia Rcnt Type,ALIAS,L_SYMBOL,GF_TLR_REQ_CREDIT_LIABILITY
TERMS_SOURCE_TYPE,Req Lia Terms Src Ty,Req Lia Terms Src Ty,ALIAS,L_SYMBOL,GF_TLR_REQ_CREDIT_LIABILITY
VERIFY_STATUS_TYPE,Req Lia Ver Stat Typ,Req Lia Ver Stat Typ,ALIAS,L_SYMBOL,GF_TLR_REQ_CREDIT_LIABILITY
SOURCE_TYPE,Req Cred Pub Source,Req Cred Pub Source,ALIAS,L_SYMBOL,GF_TLR_REQ_CREDIT_PUBLC_CMMNT
BK_TYPE,Req Pub BK Type,Req Pub BK Type,ALIAS,L_SYMBOL,GF_TLR_REQ_CREDIT_PUBLIC
DESPOSITION_TYPE,Req Pub Dspstn Type,Req Pub Dspstn Type,ALIAS,L_SYMBOL,GF_TLR_REQ_CREDIT_PUBLIC
PAYMENT_FREQ_TYPE,Req Pub Pymnt Frq Ty,Req Pub Pymnt Frq Ty,ALIAS,L_SYMBOL,GF_TLR_REQ_CREDIT_PUBLIC
PUBLIC_REC_TYPE,Req Pub Rcrd Type,Req Pub Rcrd Type,ALIAS,L_SYMBOL,GF_TLR_REQ_CREDIT_PUBLIC
VER_STATUS_TYPE,Req Pub Ver Stts Typ,Req Pub Ver Stts Typ,ALIAS,L_SYMBOL,GF_TLR_REQ_CREDIT_PUBLIC
SOURCE_TYPE,Req Pub Reps Type,Req Pub Reps Type,ALIAS,L_SYMBOL,GF_TLR_REQ_CREDIT_PUBLIC_REP
CONTACT_TYPE,Req Lia Crd Cnt Type,Req Lia Crd Cnt Type,ALIAS,L_SYMBOL,GF_TLR_REQ_LIAB_CONTACT_POINT
ROLE_TYPE,Req Lia Crd Cnt Role,Req Lia Crd Cnt Role,ALIAS,L_SYMBOL,GF_TLR_REQ_LIAB_CONTACT_POINT
TYPE,Req Lia Pri Adv Type,Req Lia Pri Adv Type,ALIAS,L_SYMBOL,GF_TLR_REQ_LIAB_PRIOR_ADV
MODEL_TYPE,Req Score Model Type,Req Score Model Type,ALIAS,L_SYMBOL,GF_TLR_REQ_SCORE_MODEL
MARTIAL_STATUS_TYPE,Res Brwr Marital Typ,Res Brwr Marital Typ,ALIAS,L_SYMBOL,GF_TLR_RES_BORROWER
PRINT_POSITION_TYPE,Res Brwr Print Pos,Res Brwr Print Pos,ALIAS,L_SYMBOL,GF_TLR_RES_BORROWER
CONTACT_TYPE,Req Lia Crd Cnt Type,Req Lia Crd Cnt Type,ALIAS,L_SYMBOL,GF_TLR_RES_BUREAU_CONTACT_PNT
ROLE_TYPE,Req Lia Crd Cnt Role,Req Lia Crd Cnt Role,ALIAS,L_SYMBOL,GF_TLR_RES_BUREAU_CONTACT_PNT
ACTION_TYPE,Res Credit Action Ty,Res Credit Action Ty,ALIAS,L_SYMBOL,GF_TLR_RES_CREDIT_DATA
REPORT_TYPE,Res Cred Report Type,Res Cred Report Type,ALIAS,L_SYMBOL,GF_TLR_RES_CREDIT_DATA
REQUEST_TYPE,Res Crd Request Type,Res Crd Request Type,ALIAS,L_SYMBOL,GF_TLR_RES_CREDIT_DATA
S_RESULTSTATUSTYPE,CF_ResultStatusType,CF_ResultStatusType,ALIAS,L_SYMBOL,GF_TLR_RES_CREDIT_FILE
S_CATAGORYTYPE,CFA_CatagoryType,CFA_CatagoryType,ALIAS,L_SYMBOL,GF_TLR_RES_CREDIT_FILE_ALRT
SOURCE_TYPE,Res Cred Inq Source,Res Cred Inq Source,ALIAS,L_SYMBOL,GF_TLR_RES_CREDIT_INQRY_CMNT
CREDIT_BUSINESS_TYPE,Res Cred Inq Bus Typ,Res Cred Inq Bus Typ,ALIAS,L_SYMBOL,GF_TLR_RES_CREDIT_INQUIRY
INQUIRY_RESULT_TYPE,Res Cred Inq Reslt,Res Cred Inq Reslt,ALIAS,L_SYMBOL,GF_TLR_RES_CREDIT_INQUIRY
SOURCE_TYPE,Res Cred Inq Rep Src,Res Cred Inq Rep Src,ALIAS,L_SYMBOL,GF_TLR_RES_CREDIT_INQUIRY_REP
STATUS_TYPE,res Cred Inq Ver Typ,res Cred Inq Ver Typ,ALIAS,L_SYMBOL,GF_TLR_RES_CREDIT_INQUIRY_VER
SOURCE_TYPE,Res Cred Lia Source,Res Cred Lia Source,ALIAS,L_SYMBOL,GF_TLR_RES_CREDIT_LBLTY_CMNT
SOURCE_TYPE,Res Lia Reps Type,Res Lia Reps Type,ALIAS,L_SYMBOL,GF_TLR_RES_CREDIT_LIAB_REP
ACCOUNT_STATUS_TYPE,res Lia Ststus Date,res Lia Ststus Date,ALIAS,L_SYMBOL,GF_TLR_RES_CREDIT_LIABILITY
ACCOUNT_TYPE,res Lia Account Type,res Lia Account Type,ALIAS,L_SYMBOL,GF_TLR_RES_CREDIT_LIABILITY
CREDIT_BUSINESS_TYPE,res Lia Crdt Bus Typ,res Lia Crdt Bus Typ,ALIAS,L_SYMBOL,GF_TLR_RES_CREDIT_LIABILITY
CREDIT_LOAN_TYPE,res Lia Crdt Loan Ty,res Lia Crdt Loan Ty,ALIAS,L_SYMBOL,GF_TLR_RES_CREDIT_LIABILITY
CURRENT_RATING_TYPE,res Lia Rateing Type,res Lia Rateing Type,ALIAS,L_SYMBOL,GF_TLR_RES_CREDIT_LIABILITY
HIGHEST_ADVERSE_TYPE,res Lia Highest Type,res Lia Highest Type,ALIAS,L_SYMBOL,GF_TLR_RES_CREDIT_LIABILITY
OWNERSHIP_TYPE,res Lia Ownership Ty,res Lia Ownership Ty,ALIAS,L_SYMBOL,GF_TLR_RES_CREDIT_LIABILITY
RECENT_ADVERSE_TYPE,res Lia Rcnt Type,res Lia Rcnt Type,ALIAS,L_SYMBOL,GF_TLR_RES_CREDIT_LIABILITY
TERMS_SOURCE_TYPE,res Lia Terms Src Ty,res Lia Terms Src Ty,ALIAS,L_SYMBOL,GF_TLR_RES_CREDIT_LIABILITY
VERIFY_STATUS_TYPE,res Lia Ver Stat Typ,res Lia Ver Stat Typ,ALIAS,L_SYMBOL,GF_TLR_RES_CREDIT_LIABILITY
SOURCE_TYPE,Res Cred Pub Source,Res Cred Pub Source,ALIAS,L_SYMBOL,GF_TLR_RES_CREDIT_PBLC_CMNT
BK_TYPE,Res Pub BK Type,Res Pub BK Type,ALIAS,L_SYMBOL,GF_TLR_RES_CREDIT_PUBLIC
DESPOSITION_TYPE,Res Pub Dspstn Type,Res Pub Dspstn Type,ALIAS,L_SYMBOL,GF_TLR_RES_CREDIT_PUBLIC
PAYMENT_FREQ_TYPE,Res Pub Pymnt Frq Ty,Res Pub Pymnt Frq Ty,ALIAS,L_SYMBOL,GF_TLR_RES_CREDIT_PUBLIC
PUBLIC_REC_TYPE,Res Pub Rcrd Type,Res Pub Rcrd Type,ALIAS,L_SYMBOL,GF_TLR_RES_CREDIT_PUBLIC
VER_STATUS_TYPE,Res Pub Ver Stts Typ,Res Pub Ver Stts Typ,ALIAS,L_SYMBOL,GF_TLR_RES_CREDIT_PUBLIC
SOURCE_TYPE,Res Pub Reps Type,Res Pub Reps Type,ALIAS,L_SYMBOL,GF_TLR_RES_CREDIT_PUBLIC_REP
CONTACT_TYPE,FloodRes FulCnt Type,FloodRes FulCnt Type,ALIAS,L_SYMBOL,GF_TLR_RES_FLD_FC_PNT
ROLE_TYPE,FloodRes FulCnt Role,FloodRes FulCnt Role,ALIAS,L_SYMBOL,GF_TLR_RES_FLD_FC_PNT
PROP_LEGAL_DES_TYPE,Prop Legal Des Type,Prop Legal Des Type,ALIAS,L_SYMBOL,GF_TLR_RES_FLOOD_PROP
PROP_TITLE_CAT_TYPE,Prop Title Cat Type,Prop Title Cat Type,ALIAS,L_SYMBOL,GF_TLR_RES_FLOOD_PROP
VERIFY_STATUS_TYPE,Res Lndlrd Ver Stat,Res Lndlrd Ver Stat,ALIAS,L_SYMBOL,GF_TLR_RES_LANDLORD
CONTACT_TYPE,Res Lndlrd Cnt Type,Res Lndlrd Cnt Type,ALIAS,L_SYMBOL,GF_TLR_RES_LANDLORD_CNTCT_PNT
ROLE_TYPE,Res Lndlrd Cnt Role,Res Lndlrd Cnt Role,ALIAS,L_SYMBOL,GF_TLR_RES_LANDLORD_CNTCT_PNT
CONTACT_TYPE,Res Lia Crd Cnt Type,Res Lia Crd Cnt Type,ALIAS,L_SYMBOL,GF_TLR_RES_LIAB_CONTACT_POINT
ROLE_TYPE,Res Lia Crd Cnt Role,Res Lia Crd Cnt Role,ALIAS,L_SYMBOL,GF_TLR_RES_LIAB_CONTACT_POINT
TYPE,Res Lia Pri Adv Type,Res Lia Pri Adv Type,ALIAS,L_SYMBOL,GF_TLR_RES_LIAB_PRIOR_ADV
CONTACT_TYPE,Res Req Prt Cnt Type,Res Req Prt Cnt Type,ALIAS,L_SYMBOL,GF_TLR_RES_REQ_PARTY_CNTCT_PNT
ROLE_TYPE,Res Req Prty Cnt Rol,Res Req Prty Cnt Rol,ALIAS,L_SYMBOL,GF_TLR_RES_REQ_PARTY_CNTCT_PNT
RENT_RATING_TYPE,Res Brwr Rnt Rtng Ty,Res Brwr Rnt Rtng Ty,ALIAS,L_SYMBOL,GF_TLR_RES_RESIDENCE
RESIDENCY_BASIS_TYPE,Res Brwr Residency T,Res Brwr Residency T,ALIAS,L_SYMBOL,GF_TLR_RES_RESIDENCE
RESIDENCY_TYPE,Res Brwr Rsdn Type,Res Brwr Rsdn Type,ALIAS,L_SYMBOL,GF_TLR_RES_RESIDENCE
MODEL_TYPE,Res Score Model Type,Res Score Model Type,ALIAS,L_SYMBOL,GF_TLR_RES_SCORE_MODEL
S_CRWELIGIBILITYTYPE,CRandWRelifeStaus,CRandWRelifeStaus,ALIAS,L_SYMBOL,GF_TLR_RSP_LP_LOANFDBCK
PAYMENT_METHOD_TYPE,Req Paymnt Meth Type,Req Paymnt Meth Type,ALIAS,L_SYMBOL,GF_TLR_SERVICE_PAYMENT
S_ESCTAX,Escrow Tax Type,Escrow Tax Type,ALIAS,L_SYMBOL,GF_TLR_TAXITEMS
S_TAXTYPE,Tax Type,Tax Type,ALIAS,L_SYMBOL,GF_TLR_TAXITEMS
SFREQUENCY,Tax Frequency,Tax Frequency,ALIAS,L_SYMBOL,GF_TLR_TAXITEMS
S_TTLEND_INFO,Ttl Endorsement Info,Ttl Endorsement Info,ALIAS,L_SYMBOL,GF_TLR_TITLE_ENDORSEMENT
TTLEND_SOURCE_TYPE,teSourceType,teSourceType,ALIAS,L_SYMBOL,GF_TLR_TITLE_ENDORSEMENT
S_TYPE,FullfillmentConType,FullfillmentConType,ALIAS,L_SYMBOL,GF_TLR_TL_FUL_CNTS
S_ITEM,Tracking_Item,Tracking_Item,ALIAS,L_SYMBOL,GF_TRACKING
S_STATUS,Tracking_Status,Tracking_Status,ALIAS,L_SYMBOL,GF_TRACKING
S_AP_ASSIST_TYPE,AP Assist Type,AP Assist Type,ALIAS,L_SYMBOL,GF_TS_ASSIST_PROGRAMS
S_AP_RATE_TYPE,AP Rate Type,AP Rate Type,ALIAS,L_SYMBOL,GF_TS_ASSIST_PROGRAMS
S_CLOSTYPE,CMS Closing Type,CMS Closing Type,ALIAS,L_SYMBOL,GF_TS_CMS_ACCNTING
S_SELLCL,CMS Sell Cls Ln Stat,CMS Sell Cls Ln Stat,ALIAS,L_SYMBOL,GF_TS_CMS_ACCNTING
S_APRV_LEVEL,CMS Aprv Level,CMS Aprv Level,ALIAS,L_SYMBOL,GF_TS_CMS_APPROVAL
S_APRV_STATUS,CMS Aprv Status,CMS Aprv Status,ALIAS,L_SYMBOL,GF_TS_CMS_APPROVAL
S_EOGENDER,CMS Aprv EO Gender,CMS Aprv EO Gender,ALIAS,L_SYMBOL,GF_TS_CMS_APPROVAL
S_EORACE,CMS Aprv EO Race,CMS Aprv EO Race,ALIAS,L_SYMBOL,GF_TS_CMS_APPROVAL
S_APPRSTAT,CMS Apv Aprvl Status,CMS Apv Aprvl Status,ALIAS,L_SYMBOL,GF_TS_CMS_APPROVAL_DTL
S_BRKTYP,CMS Broker Type,CMS Broker Type,ALIAS,L_SYMBOL,GF_TS_CMS_BROKER
S_ENTITY_TYPE,Broker Entity Type,Broker Entity Type,ALIAS,L_SYMBOL,GF_TS_CMS_BROKER
S_OWNERSHIP,CMS Ownership,CMS Ownership,ALIAS,L_SYMBOL,GF_TS_CMS_BROKER
S_RTSHT,CMS Rate Sheet,CMS Rate Sheet,ALIAS,L_SYMBOL,GF_TS_CMS_BROKER
S_ADDRTYPE,CMSAddressType,CMSAddressType,ALIAS,L_SYMBOL,GF_TS_CMS_CONTACT_ADDRESS
S_CMSADR_UNIT_TYPE,CMSADR Unit Type,CMSADR Unit Type,ALIAS,L_SYMBOL,GF_TS_CMS_CONTACT_ADDRESS
S_EMAILTYPE,CMSEmailType,CMSEmailType,ALIAS,L_SYMBOL,GF_TS_CMS_CONTACT_EMAIL
S_CMSSTATUS,CMSStatus,CMSStatus,ALIAS,L_SYMBOL,GF_TS_CMS_CONTACT_INFO
S_TITLE,CMSTitle,CMSTitle,ALIAS,L_SYMBOL,GF_TS_CMS_CONTACT_INFO
S_PHONETYPE,CMSPhoneType,CMSPhoneType,ALIAS,L_SYMBOL,GF_TS_CMS_CONTACT_PHONE
S_URLTYPE,CMSURLType,CMSURLType,ALIAS,L_SYMBOL,GF_TS_CMS_CONTACT_URL
S_COST_CENTER,CMS Cost Ctr Type,CMS Cost Ctr Type,ALIAS,L_SYMBOL,GF_TS_CMS_COST_CENTERS
S_GRADE,CMS Info Grade,CMS Info Grade,ALIAS,L_SYMBOL,GF_TS_CMS_INFOBYTYPE
S_STATUS,CMS Status by Type,CMS Status by Type,ALIAS,L_SYMBOL,GF_TS_CMS_INFOBYTYPE
S_TYPE_OF_COMPANY,CMS Type of Company,CMS Type of Company,ALIAS,L_SYMBOL,GF_TS_CMS_INFOBYTYPE
LENDERSTCODE,LenderStCode,LenderStCode,ALIAS,L_SYMBOL,GF_TS_CMS_LENDER
S_GUIDELINE_TYPE,CSG Guide Type,CSG Guide Type,ALIAS,L_SYMBOL,GF_TS_CMS_LENDING_GUIDES
S_MONSTATUS,Monstat Status,Monstat Status,ALIAS,L_SYMBOL,GF_TS_CMS_MONITOR
S_BRANCH_TYPE,CMS Branch Type,CMS Branch Type,ALIAS,L_SYMBOL,GF_TS_CMS_ORG_DATA
S_PRICING_REGION_C,CMS Reg PricingReg C,CMS Reg PricingReg C,ALIAS,L_SYMBOL,GF_TS_CMS_REGION_PRICE_DATA
S_PRICING_TIER_C,CMS Reg PricingTierC,CMS Reg PricingTierC,ALIAS,L_SYMBOL,GF_TS_CMS_REGION_PRICE_DATA
S_REMCATEGORY,CMS Remarks Category,CMS Remarks Category,ALIAS,L_SYMBOL,GF_TS_CMS_REMARKS
S_REMTYPE,CMS Remarks Type,CMS Remarks Type,ALIAS,L_SYMBOL,GF_TS_CMS_REMARKS
S_CLSCD,Class Code,Class Code,ALIAS,L_SYMBOL,GF_TS_CMS_STSLICNS
S_STAT,Stlic Status,Stlic Status,ALIAS,L_SYMBOL,GF_TS_CMS_STSLICNS
S_WHL_STATUS,CWH Line Status,CWH Line Status,ALIAS,L_SYMBOL,GF_TS_CMS_WHLINE
S_ACCTSTAT,CMS Wire Acct Stat,CMS Wire Acct Stat,ALIAS,L_SYMBOL,GF_TS_CMS_WIREINFO
LOAN_TYP,Loan Type,Loan Type,ALIAS,L_SYMBOL,GF_TS_COMMITMENT
S_MKT_CAMPAIGN,Lead Market Campaign,Lead Market Campaign,ALIAS,L_SYMBOL,GF_TS_LMS_LEAD_INFO
S_MSGTYPE,Message Type,Message Type,ALIAS,L_SYMBOL,GF_TS_MESSAGE
S_RECIPIENTTYPE,Recipient Type,Recipient Type,ALIAS,L_SYMBOL,GF_TS_MESSAGE
S_BUSCHNL,Business Channel,Business Channel,ALIAS,L_SYMBOL,GF_TS_RATE_SUBSIDY_INFO
S_USER_TYPE,WF GU User Type,WF GU User Type,ALIAS,L_SYMBOL,GF_TS_WF_GROUP_USER
S_DIST_METHOD,WF PG Dist Method,WF PG Dist Method,ALIAS,L_SYMBOL,GF_TS_WF_PROC_GROUP
S_GROUP_TYPE,WFS GROUP TYPE,WFS GROUP TYPE,ALIAS,L_SYMBOL,GF_TS_WF_PROC_GROUP
S_EXCEPTION_TYPE,WF USE Excp Type,WF USE Excp Type,ALIAS,L_SYMBOL,GF_TS_WF_USER_SCHED_EXCP
S_ASSUMABILITY_FEATURE,AssumFeatureCode,AssumFeatureCode,ALIAS,L_SYMBOL,GF_TSR_PNP_IPG_BASE
S_CONST_PROGRAM,ConstProgram,ConstProgram,ALIAS,L_SYMBOL,GF_TSR_PNP_IPG_BASE
S_LIMIT_TYPE,IPGS Limit Type,IPGS Limit Type,ALIAS,L_SYMBOL,GF_TSR_PNP_IPG_BASE_SLR
S_GIFTSOURCETYPE,Gift Source Type,Gift Source Type,ALIAS,L_SYMBOL,GIFT
S_TYPE,Gift Type,Gift Type,ALIAS,L_SYMBOL,GIFT
S_FUNDS_TO_BE_DRAWN,Fnds_ToBe_DrwnBy,Fnds_ToBe_DrwnBy,ALIAS,L_SYMBOL,HELOC
S_LOCTYPE,Line Of Credit Type,Line Of Credit Type,ALIAS,L_SYMBOL,HELOC
S_REPAYMENT_METHOD,HeRepaymentMethod,HeRepaymentMethod,ALIAS,L_SYMBOL,HELOC
S_RTC_TYPE,HELOC RTC Type,HELOC RTC Type,ALIAS,L_SYMBOL,HELOC2
REPORTABLEYROVR,HMDA Report Override,HMDA Report Override,ALIAS,L_SYMBOL,HMDAINFO
S_CUSTOMQRY,Custom Filter Name,Custom Filter Name,ALIAS,L_SYMBOL,HMDAXPRT
S_ENDORAUTH,Endorsement Auth,Endorsement Auth,ALIAS,L_SYMBOL,HUD54111
S_ENDORSEMENT,Endorsement Status,Endorsement Status,ALIAS,L_SYMBOL,HUD54111
S_FHA_PROGRAMID,FHA Program ID,FHA Program ID,ALIAS,L_SYMBOL,HUD54111
IMPDES,Imprv Description,Imprv Description,ALIAS,L_SYMBOL,IMPRVMTS
S_INCOME,Income Type,Income Type,ALIAS,L_SYMBOL,INCOME
S_JOB_TYPE,Type of Job,Type of Job,ALIAS,L_SYMBOL,INCOME
S_PAYPER,Income Period,Income Period,ALIAS,L_SYMBOL,INCOME
S_SELFEMPTYPE,SelfEmpType,SelfEmpType,ALIAS,L_SYMBOL,Income
S_SPECBOREMPRELTYPE,SpecialBorEmpRel,SpecialBorEmpRel,ALIAS,L_SYMBOL,INCOME
VERIFICATION_TYPE,Verification Type,Verification Type,ALIAS,L_SYMBOL,INCOME
DEBT_VERIFI_TYPE,Debt Verifi Type,Debt Verifi Type,ALIAS,L_SYMBOL,LIABLTY
OWNERSHP_TYPE,res Lia Ownership Ty,res Lia Ownership Ty,ALIAS,L_SYMBOL,LIABLTY
REFIN_SERV_SYS,Refi Servicing Sys,Refi Servicing Sys,ALIAS,L_SYMBOL,LIABLTY
S_ACCOUNT_OWNERSHIP,LiabAcctOwnership,LiabAcctOwnership,ALIAS,L_SYMBOL,LIABLTY
S_CREDIT_CARD_TYPE,Credit Card Type,Credit Card Type,ALIAS,L_SYMBOL,LIABLTY
S_EXCLUSION_REASON,Debt Excluded Reason,Debt Excluded Reason,ALIAS,L_SYMBOL,LIABLTY
S_LIAB,Debt Type,Debt Type,ALIAS,L_SYMBOL,LIABLTY
S_LIABILITYDISBTYPE,Liability Disb Type,Liability Disb Type,ALIAS,L_SYMBOL,LIABLTY
S_LIENPS,Debt Lien Position,Debt Lien Position,ALIAS,L_SYMBOL,LIABLTY
S_MTG_TYPE,Debt Mortgage Type,Debt Mortgage Type,ALIAS,L_SYMBOL,LIABLTY
S_PAYPER,Debt Period,Debt Period,ALIAS,L_SYMBOL,LIABLTY
S_CATSTAT,Category Status,Category Status,ALIAS,L_SYMBOL,LN_CATSTAT
S_DOC_RESP_PRTY,Responsible Party,Responsible Party,ALIAS,L_SYMBOL,LN_TRKDOC
RESPARTY,Responsible Party,Responsible Party,ALIAS,L_SYMBOL,LN_TRKDOCH
S_DOCLOCATION,Document Location,Document Location,ALIAS,L_SYMBOL,LN_TRKDOCH
S_DOCSTATUS,Document Status,Document Status,ALIAS,L_SYMBOL,LN_TRKDOCH
PPPTYPE,Prepay Penalty Type,Prepay Penalty Type,ALIAS,L_SYMBOL,LOANQUEUE
QUALCODE,Program,Program,ALIAS,L_SYMBOL,LOANQUEUE
S_LIENPO,Lien Position,Lien Position,ALIAS,L_SYMBOL,LOANQUEUE
S_MICODE,MI Code,MI Code,ALIAS,L_SYMBOL,LOANQUEUE
S_PROD,Loan Type,Loan Type,ALIAS,L_SYMBOL,LOANQUEUE
S_PRPTYP,Property,Property,ALIAS,L_SYMBOL,LOANQUEUE
S_PURP,Purpose,Purpose,ALIAS,L_SYMBOL,LOANQUEUE
S_RESTYP,Occupancy,Occupancy,ALIAS,L_SYMBOL,LOANQUEUE
S_INV_REMIT_TYPE,Inv Remittance Type,Inv Remittance Type,ALIAS,L_SYMBOL,LOANSERVC
PRODUCT,DU Comm Lend Product,DU Comm Lend Product,ALIAS,L_SYMBOL,LOWMOD
S_COMMSEC,DU4 Comm Sec. Struct,DU4 Comm Sec. Struct,ALIAS,L_SYMBOL,LOWMOD
S_COUNSEL_INDICATOR,CounselIndicator,CounselIndicator,ALIAS,L_SYMBOL,LOWMOD
S_CREDITCOMPANY,LP Merged Cred Cmpny,LP Merged Cred Cmpny,ALIAS,L_SYMBOL,LP2_INFO
S_PRP_METHOD,UW Prop Val Mth Type,UW Prop Val Mth Type,ALIAS,L_SYMBOL,LP2_INFO
S_PRPMETHODESC,Prop Val Mt Othr Des,Prop Val Mt Othr Des,ALIAS,L_SYMBOL,LP2_INFO
S_TECHAFFILIATE,Technical Affiliate,Technical Affiliate,ALIAS,L_SYMBOL,LP2_INFO
FMDEF16,LP2 Loan Def4 Option,LP2 Loan Def4 Option,ALIAS,L_SYMBOL,LP2E_FMDEF
S_AFFPRD,Affordable Product,Affordable Product,ALIAS,L_SYMBOL,LP2E_LOAN
S_BYDWNC,Buydown Contributor,Buydown Contributor,ALIAS,L_SYMBOL,LP2E_LOAN
S_BLDST,Building Status Type,Building Status Type,ALIAS,L_SYMBOL,LPLNSPEC
MAILCOUNTRY,Mailing Country,Mailing Country,ALIAS,L_SYMBOL,MAILING
S_CONDITION,Mfg Condition,Mfg Condition,ALIAS,L_SYMBOL,MANPRP
S_CONV_STATUS,Conv Status,Conv Status,ALIAS,L_SYMBOL,MANPRP
S_LOT_OWN_TYPE,Lot Own Type,Lot Own Type,ALIAS,L_SYMBOL,MANPRP
S_SECURED_PROPTYPE,Secured Prop Type,Secured Prop Type,ALIAS,L_SYMBOL,MANPRP
S_BLDSTA,MCAW Building Status,MCAW Building Status,ALIAS,L_SYMBOL,MCAWINFO
S_IDENTITY,Identity Exception,Identity Exception,ALIAS,L_SYMBOL,MCAWINFO
SEQUENCE_TYPE,MIRenewalPremiumSeq,MIRenewalPremiumSeq,ALIAS,L_SYMBOL,MI_RENEWAL_PREMIUM
CERTTYPE,MI Certificate Type,MI Certificate Type,ALIAS,L_SYMBOL,MIDATA
COVERTYPE,MI Coverage Type,MI Coverage Type,ALIAS,L_SYMBOL,MIDATA
DURACODE,MI Duration Code,MI Duration Code,ALIAS,L_SYMBOL,MIDATA
RENEWAL_CALC_TYPE,MI Renewal Calc Type,MI Renewal Calc Type,ALIAS,L_SYMBOL,MIDATA
S_MI_PREMIUM_AT_CLOSING_TYP,MI Initial Prem Typ,MI Initial Prem Typ,ALIAS,L_SYMBOL,MIDATA
S_MI_RATE_PLAN_TYPE,MIRatePlanTyp,MIRatePlanTyp,ALIAS,L_SYMBOL,MIDATA
S_MIAPPTYPE,MI Application Type,MI Application Type,ALIAS,L_SYMBOL,MIDATA
S_MICODE,MI Code,MI Code,ALIAS,L_SYMBOL,MIDATA
S_MIPREM_REFUND_TYPE,MIPremiumRefund Type,MIPremiumRefund Type,ALIAS,L_SYMBOL,MIDATA
S_MIPRMS,MI Premium Source,MI Premium Source,ALIAS,L_SYMBOL,MIDATA
S_MISTRM,MI Stream,MI Stream,ALIAS,L_SYMBOL,MIDATA
S_LIVE_RENT_FREE_ENUMS,PrevLivRentFreeEnums,PrevLivRentFreeEnums,ALIAS,L_SYMBOL,PREVRES
S_OWNRNT,BA Own Rights,BA Own Rights,ALIAS,L_SYMBOL,PREVRES
S_RES_UNIT_TYPE,Previous Unit Type,Previous Unit Type,ALIAS,L_SYMBOL,PREVRES
S_203KTYPE,203K Type,203K Type,ALIAS,L_SYMBOL,PRODUCT
S_AMORT_SUB_TYPE,Amortization SubType,Amortization SubType,ALIAS,L_SYMBOL,PRODUCT
S_AMTYPE,Amortization Type,Amortization Type,ALIAS,L_SYMBOL,PRODUCT
S_BALLOON_TYPE,Balloon Type,Balloon Type,ALIAS,L_SYMBOL,PRODUCT
S_BYDOWN,Buydown,Buydown,ALIAS,L_SYMBOL,PRODUCT
S_LCKTYP,Lock Type,Lock Type,ALIAS,L_SYMBOL,PRODUCT
S_LTYPE,Loan Type,Loan Type,ALIAS,L_SYMBOL,PRODUCT
S_MIPLAN,MI Plan,MI Plan,ALIAS,L_SYMBOL,PRODUCT
S_MORTGAGETYPE,Mortgage Type,Mortgage Type,ALIAS,L_SYMBOL,PRODUCT
S_PMTSTR,Payment Stream,Payment Stream,ALIAS,L_SYMBOL,PRODUCT
S_PPY_FILTER,PPY Filter,PPY Filter,ALIAS,L_SYMBOL,PRODUCT
S_PRICING_CHANNEL,Pricing Channel,Pricing Channel,ALIAS,L_SYMBOL,PRODUCT
S_PROD,Product,Product,ALIAS,L_SYMBOL,PRODUCT
S_PROD_PRICE_ENGINE,Prod Pricing Engine,Prod Pricing Engine,ALIAS,L_SYMBOL,PRODUCT
S_PROD_PRICE_ENGINE_OVR,ProdPrice Engine Ovr,ProdPrice Engine Ovr,ALIAS,L_SYMBOL,PRODUCT
S_PROGRM,Program,Program,ALIAS,L_SYMBOL,PRODUCT
S_QRATE,QR Description,QR Description,ALIAS,L_SYMBOL,PRODUCT
S_QUALMETHODOVR,Qualify Method Ovr,Qualify Method Ovr,ALIAS,L_SYMBOL,PRODUCT
S_RATIO,Ratios,Ratios,ALIAS,L_SYMBOL,PRODUCT
S_ACCOUNT_OWNERSHIP,REOAccountOwnership,REOAccountOwnership,ALIAS,L_SYMBOL,REOWNED
S_ONRSHP,RE Own Rights,RE Own Rights,ALIAS,L_SYMBOL,REOWNED
S_REO_CURR_PROP_USAGE,REO Curr Prop Usage,REO Curr Prop Usage,ALIAS,L_SYMBOL,REOWNED
S_REO_INTEND_OCCUPANCY,REO Intend Occupancy,REO Intend Occupancy,ALIAS,L_SYMBOL,REOWNED
S_REOPST,REO Status,REO Status,ALIAS,L_SYMBOL,REOWNED
S_REOTYP,REO Type,REO Type,ALIAS,L_SYMBOL,REOWNED
UNITTYPEREO,REO Unit Type,REO Unit Type,ALIAS,L_SYMBOL,REOWNED
VERIF_DEBT_TYPE,REODebtVerifyType,REODebtVerifyType,ALIAS,L_SYMBOL,REOWNED
VERIF_INCOME_TYPE,REOIncomeVerifyType,REOIncomeVerifyType,ALIAS,L_SYMBOL,REOWNED
S_BOR_SELLER_OPTION,BorSellerOptn,BorSellerOptn,ALIAS,L_SYMBOL,SELLER
S_IDENTIFICATION_TYPE,Seller ID Type,Seller ID Type,ALIAS,L_SYMBOL,SELLER
S_SEL_UNIT_TYPE,Seller Unit Type,Seller Unit Type,ALIAS,L_SYMBOL,SELLER
S_SLR_CAP_TYPE,SlrRepCapType,SlrRepCapType,ALIAS,L_SYMBOL,SELLR_REPRESEN_INFO
S_SLR_ENTY_TYPE,SlrRepEntyType,SlrRepEntyType,ALIAS,L_SYMBOL,SELLR_REPRESEN_INFO
S_SERVICING_STATUS,ServicingStatus,ServicingStatus,ALIAS,L_SYMBOL,SERVICNG
SERVICING_TYPE,Servicing Type,Servicing Type,ALIAS,L_SYMBOL,SERVICNG
S_CLSCD,Class Code,Class Code,ALIAS,L_SYMBOL,STSLICNS
WI_TAX_OPTION,WI Tax Option Code,WI Tax Option Code,ALIAS,L_SYMBOL,STSPECFC
PROP_TITLE_CATEGORY_TYPE,LN Prop Title Type,LN Prop Title Type,ALIAS,L_SYMBOL,SUBJPRP
RENTINC_VERIFY_TYPE,RentalVerifyType,RentalVerifyType,ALIAS,L_SYMBOL,SUBJPRP
S_APPRMTHDREQ,ApprMethodReqrd,ApprMethodReqrd,ALIAS,L_SYMBOL,SUBJPRP
S_ATTACHMENT_TYPE,Attachment Type,Attachment Type,ALIAS,L_SYMBOL,SUBJPRP
S_CATEGORYTYPE,CategoryType,CategoryType,ALIAS,L_SYMBOL,SUBJPRP
S_CONDO_PROJECT_STATUS,Condo Project Status,Condo Project Status,ALIAS,L_SYMBOL,SUBJPRP
S_DPAYMT,Down Payment Type,Down Payment Type,ALIAS,L_SYMBOL,SUBJPRP
S_DPAYMTNM,Down Payment Type NM,Down Payment Type NM,ALIAS,L_SYMBOL,SUBJPRP
S_FNMPRJCLS,FNMProject Class,FNMProject Class,ALIAS,L_SYMBOL,SUBJPRP
S_FREPRJCLS,FREProject Class,FREProject Class,ALIAS,L_SYMBOL,SUBJPRP
S_LIENHO,Lien Holder,Lien Holder,ALIAS,L_SYMBOL,SUBJPRP
S_LIENPO,Lien Position,Lien Position,ALIAS,L_SYMBOL,SUBJPRP
S_NATIVEAMERICANLANDSTYPE,NatAmericanLandsType,NatAmericanLandsType,ALIAS,L_SYMBOL,SUBJPRP
S_PRJCLS,Project Class,Project Class,ALIAS,L_SYMBOL,SUBJPRP
S_PROJ_ATTACH_TYPE,Proj Attachment Type,Proj Attachment Type,ALIAS,L_SYMBOL,SUBJPRP
S_PROJ_CLASS_ID_FNM,Project Class ID FNM,Project Class ID FNM,ALIAS,L_SYMBOL,SUBJPRP
S_PROJ_CLASS_ID_FRE,Project Class ID FRE,Project Class ID FRE,ALIAS,L_SYMBOL,SUBJPRP
S_PROJECT_DESIGN_TYPE,Project Design Type,Project Design Type,ALIAS,L_SYMBOL,SUBJPRP
S_PROJECTCLASSTYPE,ProjectClassType,ProjectClassType,ALIAS,L_SYMBOL,SUBJPRP
S_PROJECTDESIGNTYPE,ProjectDesignType,ProjectDesignType,ALIAS,L_SYMBOL,SUBJPRP
S_PRPTYP,Property,Property,ALIAS,L_SYMBOL,SUBJPRP
S_PURP,Purpose,Purpose,ALIAS,L_SYMBOL,SUBJPRP
S_RESTYP,Occupancy,Occupancy,ALIAS,L_SYMBOL,SUBJPRP
S_STRUCTURETYPE,Structure Type,Structure Type,ALIAS,L_SYMBOL,SUBJPRP
S_SUBJUNITTYPE,Property Unit Type,Property Unit Type,ALIAS,L_SYMBOL,SUBJPRP
S_TRSTYP,Type of Trust,Type of Trust,ALIAS,L_SYMBOL,SUBJPRP
S_UNIQUEDWELLINGTYPE,UniqueDwellingType,UniqueDwellingType,ALIAS,L_SYMBOL,SUBJPRP
S_UNITOWNERSHIPTYPE,Unit Ownership Type,Unit Ownership Type,ALIAS,L_SYMBOL,SUBJPRP
SUBJESTE,SP Own Rights,SP Own Rights,ALIAS,L_SYMBOL,SUBJPRP
SUBJMHLD,Manner Held,Manner Held,ALIAS,L_SYMBOL,SUBJPRP
CERTTYPE,MI Setup Cert Type,MI Setup Cert Type,ALIAS,L_SYMBOL,SUMIPLAN
COVTYPE,MI Setup Cover Type,MI Setup Cover Type,ALIAS,L_SYMBOL,SUMIPLAN
DURATION,MI Setup Duration,MI Setup Duration,ALIAS,L_SYMBOL,SUMIPLAN
S_MI_PREMIUM_AT_CLOSING,MISetUpInitPremTyp,MISetUpInitPremTyp,ALIAS,L_SYMBOL,SUMIPLAN
S_MI_PREMIUM_RATE_PLAN,MISetUpRatePlanTyp,MISetUpRatePlanTyp,ALIAS,L_SYMBOL,SUMIPLAN
S_MI_PREMIUM_SOURCE,MISetUpPremSrc,MISetUpPremSrc,ALIAS,L_SYMBOL,SUMIPLAN
S_MI_RENEWAL_CALC_TYPE,MISetUpRenCalcTyp,MISetUpRenCalcTyp,ALIAS,L_SYMBOL,SUMIPLAN
PPPTYPE,Prepay Penalty Type,Prepay Penalty Type,ALIAS,L_SYMBOL,TILINFO
S_LATECHARGETYPE,Late Charge Type,Late Charge Type,ALIAS,L_SYMBOL,TILINFO
S_PPPOPT,Prepay Pen Option,Prepay Pen Option,ALIAS,L_SYMBOL,TILINFO
S_TIL2011_OVRD,Use 2011 TIL Ovrd,Use 2011 TIL Ovrd,ALIAS,L_SYMBOL,TILINFO
PURPOSE_TYPE,Loan Purpose Type,Loan Purpose Type,ALIAS,L_SYMBOL,TRACKING
S_BUSCHL,Business Channel,Business Channel,ALIAS,L_SYMBOL,TRACKING
S_CASE_STATUS,AUS Case Status,AUS Case Status,ALIAS,L_SYMBOL,TRACKING
S_CHANNEL_SOURCE_CODE,Channel Source Codes,Channel Source Codes,ALIAS,L_SYMBOL,TRACKING
S_COPT1,Client Option 1,Client Option 1,ALIAS,L_SYMBOL,TRACKING
S_COPT3,Client Option 3,Client Option 3,ALIAS,L_SYMBOL,TRACKING
S_COPT5,Client Option 5,Client Option 5,ALIAS,L_SYMBOL,TRACKING
S_COPT7,Client Option 7,Client Option 7,ALIAS,L_SYMBOL,TRACKING
S_COPT9,Client Option 9,Client Option 9,ALIAS,L_SYMBOL,TRACKING
S_CRDGRDAP,Credit Grd Current,Credit Grd Current,ALIAS,L_SYMBOL,TRACKING
S_CRDGRDRQ,Credit Grd Requested,Credit Grd Requested,ALIAS,L_SYMBOL,TRACKING
S_DELTERMS,Delivery Terms,Delivery Terms,ALIAS,L_SYMBOL,TRACKING
S_DOCLEVEL,Documentation Level,Documentation Level,ALIAS,L_SYMBOL,TRACKING
S_IVMETH,Method of Interview,Method of Interview,ALIAS,L_SYMBOL,TRACKING
S_QUALITY,Credit Quality,Credit Quality,ALIAS,L_SYMBOL,TRACKING
S_REPAY,Loan Repayment Type,Loan Repayment Type,ALIAS,L_SYMBOL,TRACKING
S_TRUST_UNIT_TYPE,Trust Unit Type,Trust Unit Type,ALIAS,L_SYMBOL,TRSTENTS
S_TRSTYP,Type of Trust,Type of Trust,ALIAS,L_SYMBOL,TRUSTS
QUALCODE,Eligibility,Eligibility,ALIAS,L_SYMBOL,UNDCOND1
S_CREDSCORE_OVERRIDE_REASON,CreditScoreOvrReason,CreditScoreOvrReason,ALIAS,L_SYMBOL,UNDCOND1
S_DISPOSITION,Disposition,Disposition,ALIAS,L_SYMBOL,UNDCOND1
S_TRGTINV,Target Investor,Target Investor,ALIAS,L_SYMBOL,UNDCOND1
ERRORCAUSEBY,Error Caused By,Error Caused By,ALIAS,L_SYMBOL,UNDCOND2
RESPONSIBLE_P,Responsible Party,Responsible Party,ALIAS,L_SYMBOL,UNDCOND2
S_COMFLG,UW Compliance Flag,UW Compliance Flag,ALIAS,L_SYMBOL,UNDCOND2
S_CONDITION_SRC,Condition Source,Condition Source,ALIAS,L_SYMBOL,UNDCOND2
S_UNDTYP,UW Type Condition,UW Type Condition,ALIAS,L_SYMBOL,UNDCOND2
APPRVALUEINDICATOR,Appr Value Indicator,Appr Value Indicator,ALIAS,L_SYMBOL,UWAPPR
INV_COLL_PROG_ID,InvCollateralProgId,InvCollateralProgId,ALIAS,L_SYMBOL,UWAPPR
S_APPRFORMTYPE,UW Apprsl Form Type,UW Apprsl Form Type,ALIAS,L_SYMBOL,UWAPPR
S_APPRMETH,ACO Appraisal Method,ACO Appraisal Method,ALIAS,L_SYMBOL,UWAPPR
S_APPRTYPE,UW Appraisal Type,UW Appraisal Type,ALIAS,L_SYMBOL,UWAPPR
S_AVM,AVM Model Name,AVM Model Name,ALIAS,L_SYMBOL,UWAPPR
S_AVMOTH,AVM Model Name Other,AVM Model Name Other,ALIAS,L_SYMBOL,UWAPPR
S_HOA_FEES_PERIOD_TYPE,ApprHOAFeesperiodTyp,ApprHOAFeesperiodTyp,ALIAS,L_SYMBOL,UWAPPR
S_LVLPRPRVW,UW Appr Inspect Type,UW Appr Inspect Type,ALIAS,L_SYMBOL,UWAPPR
S_PRPFORMTYPE,UW Prop Val Frm Type,UW Prop Val Frm Type,ALIAS,L_SYMBOL,UWAPPR
S_PRPMETHODTYPE,UW Prop Val Mth Type,UW Prop Val Mth Type,ALIAS,L_SYMBOL,UWAPPR
S_STATUS,ApprStatus,ApprStatus,ALIAS,L_SYMBOL,UWAPPR
AUS_TYPE,VA Aus Type,VA Aus Type,ALIAS,L_SYMBOL,VASUMMRY
LOANCODE,VA Loan Code,VA Loan Code,ALIAS,L_SYMBOL,VASUMMRY
RISK_CLASS,VA Risk Class,VA Risk Class,ALIAS,L_SYMBOL,VASUMMRY
S_HYBRID,Hybrid ARM Type,Hybrid ARM Type,ALIAS,L_SYMBOL,VASUMMRY
S_BRANCH,Branch of Service,Branch of Service,ALIAS,L_SYMBOL,VETINFO
S_OBRCH1,Branch of Service 2,Branch of Service 2,ALIAS,L_SYMBOL,VETINFO
S_OBRCH2,Branch of Service 3,Branch of Service 3,ALIAS,L_SYMBOL,VETINFO
S_OBRCH3,Branch of Service 4,Branch of Service 4,ALIAS,L_SYMBOL,VETINFO
S_WTHRDES,WeatherizationDesc,WeatherizationDesc,ALIAS,L_SYMBOL,WEATHERIZATION
S_BUSCHL,Bus Channel,Bus Channel,ALIAS,L_SYMBOL,WG_ADDITIONAL_LINKS
S_CCARD_TYPE,CCard Type,CCard Type,ALIAS,L_SYMBOL,WG_APP_DEPOSIT
S_METHOD,Collected Method,Collected Method,ALIAS,L_SYMBOL,WG_APP_DEPOSIT
S_PAIDBY,Fee Paid By,Fee Paid By,ALIAS,L_SYMBOL,WG_APP_DEPOSIT
S_PAYMENT_TYPE,App Dep Payment Type,App Dep Payment Type,ALIAS,L_SYMBOL,WG_APP_DEPOSIT
S_APP_IMPORT_STATUS,App Import Status,App Import Status,ALIAS,L_SYMBOL,WG_APPLICATION_DETAILS
S_ASSET_PURPOSE,Asset Purpose,Asset Purpose,ALIAS,L_SYMBOL,WG_ASSET
S_ASSET_TYPE,Asset Type,Asset Type,ALIAS,L_SYMBOL,WG_ASSET
S_ACCT_OWNERSHIP,Account Ownership,Account Ownership,ALIAS,L_SYMBOL,WG_ASSET_ACCT
S_ENGINE_COLOR,Marine Eng Color,Marine Eng Color,ALIAS,L_SYMBOL,WG_ASSET_MARINE_ENG
S_ENGINE_MFG,Marine Eng Mfg,Marine Eng Mfg,ALIAS,L_SYMBOL,WG_ASSET_MARINE_ENG
S_MULTIENGINETYPE,Boat MultiEngine Typ,Boat MultiEngine Typ,ALIAS,L_SYMBOL,WG_ASSET_MARINE_ENG
S_CNRE_OWNERSHIP,CNRE Ownership,CNRE Ownership,ALIAS,L_SYMBOL,WG_ASSET_VEHICLE
S_COLOR,Vehicle Color,Vehicle Color,ALIAS,L_SYMBOL,WG_ASSET_VEHICLE
S_DAMAGE_TYPE,Coll Damage Type,Coll Damage Type,ALIAS,L_SYMBOL,WG_ASSET_VEHICLE
S_FUEL_TYPE,Fuel Type,Fuel Type,ALIAS,L_SYMBOL,WG_ASSET_VEHICLE
S_GV_WEIGHT_RATING,GV Weight Rate,GV Weight Rate,ALIAS,L_SYMBOL,WG_ASSET_VEHICLE
S_TRANSF_AS,Coll Transferred As,Coll Transferred As,ALIAS,L_SYMBOL,WG_ASSET_VEHICLE
S_TRANSF_TO,Coll Transferred To,Coll Transferred To,ALIAS,L_SYMBOL,WG_ASSET_VEHICLE
S_VEHICLE_CONDITION,Vehicle Condition,Vehicle Condition,ALIAS,L_SYMBOL,WG_ASSET_VEHICLE
S_GENERIC_BODY_STYLE,Generic Body Style,Generic Body Style,ALIAS,L_SYMBOL,WG_ASSET_VHCL_AUTO
S_MTRCYCLESTYLE,MtrCycleStyle,MtrCycleStyle,ALIAS,L_SYMBOL,WG_ASSET_VHCL_AUTO
S_ENGINE_DRIVE,Engine Drive,Engine Drive,ALIAS,L_SYMBOL,WG_ASSET_VHCL_MARINE
S_FUEL_TYPE,Boat Fuel,Boat Fuel,ALIAS,L_SYMBOL,WG_ASSET_VHCL_MARINE
S_HULL_MATERIAL,Boat Material,Boat Material,ALIAS,L_SYMBOL,WG_ASSET_VHCL_MARINE
S_MANUF_TYPE,Boat Manuf Type,Boat Manuf Type,ALIAS,L_SYMBOL,WG_ASSET_VHCL_MARINE
S_MARINE_TYPE,Boat Type,Boat Type,ALIAS,L_SYMBOL,WG_ASSET_VHCL_MARINE
S_PRIMARY_USE,Primary Use,Primary Use,ALIAS,L_SYMBOL,WG_ASSET_VHCL_MARINE
S_PROPULSION_TYPE,Boat Propulsion,Boat Propulsion,ALIAS,L_SYMBOL,WG_ASSET_VHCL_MARINE
S_CATEGORY,RV Category,RV Category,ALIAS,L_SYMBOL,WG_ASSET_VHCL_RV
S_MODEL_TYPE,RV Model Type,RV Model Type,ALIAS,L_SYMBOL,WG_ASSET_VHCL_RV
S_AXLE_TYPE,Trailer Axles,Trailer Axles,ALIAS,L_SYMBOL,WG_ASSET_VHCL_TRAILER
S_CLEAN_LEVEL,Clean Level,Clean Level,ALIAS,L_SYMBOL,WG_ASSET_VHCL_VALUATION
S_USE_FOR_LOAN_VAL,Use for Loan Val,Use for Loan Val,ALIAS,L_SYMBOL,WG_ASSET_VHCL_VALUATION
S_VALUATION_SOURCE,Valuation Source,Valuation Source,ALIAS,L_SYMBOL,WG_ASSET_VHCL_VALUATION
S_AD_ACCT_TYPE,AD Account Type,AD Account Type,ALIAS,L_SYMBOL,WG_AUTO_DEBIT
S_B2B_LOAN_STATUS,B2BLoanStatus,B2BLoanStatus,ALIAS,L_SYMBOL,WG_B2B_LOAN_STATUS
ENFORCE_WORKFLOW,B2GEnforceWorkflow,B2GEnforceWorkflow,ALIAS,L_SYMBOL,WG_B2G_SETUP
LOAN_OPEN_ACTION,B2GLoanOpenAction,B2GLoanOpenAction,ALIAS,L_SYMBOL,WG_B2G_SETUP
S_LPA_SERVICE_COM_CODE,LPAServCompanyCode,LPAServCompanyCode,ALIAS,L_SYMBOL,WG_BOR_VERIFICATN_PROVDRS_LPA
S_LPA_SERVICE_VER_TYP,LPAServiceType,LPAServiceType,ALIAS,L_SYMBOL,WG_BOR_VERIFICATN_PROVDRS_LPA
S_ACCT_TYPE,DisbAccType,DisbAccType,ALIAS,L_SYMBOL,WG_BORR_DISB_ACCT
S_INTRL_INCOMETYPE,Income Type,Income Type,ALIAS,L_SYMBOL,WG_BORR_INCOME_SRC_INTERNAL
S_PAYITEM,Earning Income Type,Earning Income Type,ALIAS,L_SYMBOL,WG_BORR_INCOME_SRC_PAY_EARN
S_YTD_GROSS_PAY_FREQUENCY,WVOEYTDPayFreq,WVOEYTDPayFreq,ALIAS,L_SYMBOL,WG_BORR_INCOME_SRC_WRTN_VOE
YTD_GROSS_PAY_PERIOD,WVOEYTDPayPeriod,WVOEYTDPayPeriod,ALIAS,L_SYMBOL,WG_BORR_INCOME_SRC_WRTN_VOE
S_DU_SERVICE_PRO_NAME,ServiceProviderName,ServiceProviderName,ALIAS,L_SYMBOL,WG_BORR_VERIFICATN_PROVDRS
S_DU_VERI_TYPE,DU Veri Report Type,DU Veri Report Type,ALIAS,L_SYMBOL,WG_BORR_VERIFICATN_PROVDRS
S_CMPL_IN_LAST_12_MONTHS,HomeCounsel Ind,HomeCounsel Ind,ALIAS,L_SYMBOL,WG_BORROWER_COUNSELING
S_COUNSEL_FORMAT,HomeCounsel Format,HomeCounsel Format,ALIAS,L_SYMBOL,WG_BORROWER_COUNSELING
S_HOMEEDUC_FORMAT,HomeEducationFormat,HomeEducationFormat,ALIAS,L_SYMBOL,WG_BORROWER_COUNSELING
PEPCUSTRELATION,PepCustRelation,PepCustRelation,ALIAS,L_SYMBOL,WG_BORROWER_DUEDILIGENCE
PEPPOSITION,PepPosition,PepPosition,ALIAS,L_SYMBOL,WG_BORROWER_DUEDILIGENCE
VISASTATUS,Visastatus,Visastatus,ALIAS,L_SYMBOL,WG_BORROWER_DUEDILIGENCE
ORGANIZATION_TYPE,Organization Type,Organization Type,ALIAS,L_SYMBOL,WG_BORROWER_GUARANTOR
S_APPLICABLE_TO,APPLICABLEGUARANTY,APPLICABLEGUARANTY,ALIAS,L_SYMBOL,WG_BORROWER_GUARANTOR
S_REP_ENTITY_CAPACITY,Rep Ent Capacity,Rep Ent Capacity,ALIAS,L_SYMBOL,WG_BORROWER_GUARANTOR
S_FIELD_CONTROL_TYPE,BRM Field Cntrl Type,BRM Field Cntrl Type,ALIAS,L_SYMBOL,WG_BRM_DEFN_FIELDS
S_FIELD_FORMAT,BRM Field Format,BRM Field Format,ALIAS,L_SYMBOL,WG_BRM_DEFN_FIELDS
S_FIELD_LIST_SOURCE,BRM Field ListSource,BRM Field ListSource,ALIAS,L_SYMBOL,WG_BRM_DEFN_FIELDS
S_FIELD_OPERATOR,BRM Operator Type,BRM Operator Type,ALIAS,L_SYMBOL,WG_BRM_DEFN_FIELDS
S_FIELD_STATUS,BRM Field Status,BRM Field Status,ALIAS,L_SYMBOL,WG_BRM_DEFN_FIELDS
S_GRID_CATEGORY,BRM Grid Category,BRM Grid Category,ALIAS,L_SYMBOL,WG_BRM_DEFN_GRID
S_GRID_STATUS,BRM Grid Status,BRM Grid Status,ALIAS,L_SYMBOL,WG_BRM_DEFN_GRID
S_GRID_OPERATOR,BRM Operator Type,BRM Operator Type,ALIAS,L_SYMBOL,WG_BRM_DEFN_GRID_DTL
S_GRID_TGT_VAL_SPAN_TYPE,BRM GridTgtValSpnTyp,BRM GridTgtValSpnTyp,ALIAS,L_SYMBOL,WG_BRM_DEFN_GRID_DTL
S_GRID_VERT_HORIZ,BRM Grid Orientation,BRM Grid Orientation,ALIAS,L_SYMBOL,WG_BRM_DEFN_GRID_DTL
S_BRM_TYPE,BRM LU Type,BRM LU Type,ALIAS,L_SYMBOL,WG_BRM_LKUP_BASE
S_CAP_CATEGORY,BRM LU Cap Category,BRM LU Cap Category,ALIAS,L_SYMBOL,WG_BRM_LKUP_BASE
S_EFFECTIVITY_RULE,BRM LU Effectivity,BRM LU Effectivity,ALIAS,L_SYMBOL,WG_BRM_LKUP_BASE
S_OVERRIDE_LEVEL,BRM Override Level,BRM Override Level,ALIAS,L_SYMBOL,WG_BRM_LKUP_BASE
S_OVERRIDE_LEVEL,BRM Override Level1,BRM Override Level1,ALIAS,L_SYMBOL,WG_BRM_LKUP_RULE_BASE
S_RULE_ITEM_OPERATOR,BRM Operator Type,BRM Operator Type,ALIAS,L_SYMBOL,WG_BRM_LKUP_RULE_FIELD
S_OVERRIDE_LEVEL,BRM Override Level2,BRM Override Level2,ALIAS,L_SYMBOL,WG_BRM_LKUP_RULE_ITEMS
S_RULE_ITEM_TYPE,BRM RuleItem Type,BRM RuleItem Type,ALIAS,L_SYMBOL,WG_BRM_LKUP_RULE_ITEMS
S_CALC_METHOD,FC Calc Method,FC Calc Method,ALIAS,L_SYMBOL,WG_CCS_FEE_CALC_DTL
S_COMPARISON_OPERATOR,FCC Comparison Oper,FCC Comparison Oper,ALIAS,L_SYMBOL,WG_CCS_FEE_CRITERIA_CNDTN
S_STATUS,Fee Scheme Status,Fee Scheme Status,ALIAS,L_SYMBOL,WG_CCS_SCHEME
S_TYPE,CDBorOtherCreditType,CDBorOtherCreditType,ALIAS,L_SYMBOL,WG_CD_BOR_OTHER_CREDITS
S_TYPE,CDDueFromBorItemType,CDDueFromBorItemType,ALIAS,L_SYMBOL,WG_CD_DUE_FROM_BOR
S_ADJ_TYPE,CDDueFromBorAdjType,CDDueFromBorAdjType,ALIAS,L_SYMBOL,WG_CD_DUE_FROM_BOR_ADJ
S_TYPE,CDDueFromSelItemType,CDDueFromSelItemType,ALIAS,L_SYMBOL,WG_CD_DUE_FROM_SEL
S_PAIDBY_TYPE,CDDueFromSelAdjPayer,CDDueFromSelAdjPayer,ALIAS,L_SYMBOL,WG_CD_DUE_FROM_SEL_ADJ
S_TYPE,CDDueFromSelAdjType,CDDueFromSelAdjType,ALIAS,L_SYMBOL,WG_CD_DUE_FROM_SEL_ADJ
S_PAIDBY_TYPE,CDPaidByBorItemPayer,CDPaidByBorItemPayer,ALIAS,L_SYMBOL,WG_CD_PAID_BY_BOR
S_TYPE,CDPaidByBorItemType,CDPaidByBorItemType,ALIAS,L_SYMBOL,WG_CD_PAID_BY_BOR
S_TYPE,CDPaidByBorAdjType,CDPaidByBorAdjType,ALIAS,L_SYMBOL,WG_CD_PAID_BY_BOR_ADJ
S_ADJ_TYPE,CDPaidBySelAdjType,CDPaidBySelAdjType,ALIAS,L_SYMBOL,WG_CD_PAID_BY_SELLER_ADJ
S_TYPE,CDPayoffsPmtsType,CDPayoffsPmtsType,ALIAS,L_SYMBOL,WG_CD_PAYOFFS_PMTS
S_TYPE,CDUnpaidBySelAdjType,CDUnpaidBySelAdjType,ALIAS,L_SYMBOL,WG_CD_UNPAID_BY_SEL_ADJ
CLOS_S_TYPE,Clos S Type,Clos S Type,ALIAS,L_SYMBOL,WG_CLOSING_DISCLOSURE
S_CLS_DISCL_DELIV_MTHD,ClsDisclosDelivMeth,ClsDisclosDelivMeth,ALIAS,L_SYMBOL,WG_CLOSING_DISCLOSURE
S_CLS_DISCL_REV_REASON,ClsDisclosRevReason,ClsDisclosRevReason,ALIAS,L_SYMBOL,WG_CLOSING_DISCLOSURE
S_WATERQLTY_SCAN_TYPE,WaterQlty ScanType,WaterQlty ScanType,ALIAS,L_SYMBOL,WG_CLSCORP_INTERFACE
EVENT_TYPE,PBEventType,PBEventType,ALIAS,L_SYMBOL,WG_CMS_PRVD_EVENT_DATE
S_DIST_METHOD,PBDistributionMethod,PBDistributionMethod,ALIAS,L_SYMBOL,WG_CMS_PRVD_EVENT_DATE
S_LOAN_PURPOSE,L Loan Purpose,L Loan Purpose,ALIAS,L_SYMBOL,WG_CNS_LOAN_APPLICATION
S_LOAN_TYPE,L Loan Type,L Loan Type,ALIAS,L_SYMBOL,WG_CNS_LOAN_APPLICATION
S_PRIMARY_COLLATERAL_TYPE,Primary Coll Typ,Primary Coll Typ,ALIAS,L_SYMBOL,WG_CNS_LOAN_APPLICATION
S_SECONDARY_COLLATERAL_TYPE,Secondary Coll Typ,Secondary Coll Typ,ALIAS,L_SYMBOL,WG_CNS_LOAN_APPLICATION
S_TITLE_TRANSFER,TitleTransferType,TitleTransferType,ALIAS,L_SYMBOL,WG_CNS_LOAN_APPLICATION
COLLATERAL_TYPE,Collateral Type,Collateral Type,ALIAS,L_SYMBOL,WG_COLLATERAL_TYPES
INDEXTYPE,CompEase Index Type,CompEase Index Type,ALIAS,L_SYMBOL,WG_COMPLIANCEEASE
S_RL_LIEN_POSITION,RelLoanLienPosition,RelLoanLienPosition,ALIAS,L_SYMBOL,WG_CONCURRENT_FINANCING
S_RL_MORT_TYPE,RelLoanMortType,RelLoanMortType,ALIAS,L_SYMBOL,WG_CONCURRENT_FINANCING
S_RL_TYPE,RelatedLoanType,RelatedLoanType,ALIAS,L_SYMBOL,WG_CONCURRENT_FINANCING
S_DRAWSTATUS,Const Draw Status,Const Draw Status,ALIAS,L_SYMBOL,WG_CONSTRUCTION_DRAW_DETAILS
S_COOP_TYPE,Coop Type,Coop Type,ALIAS,L_SYMBOL,WG_COOP_INFO
CORR_DISCLOS_DELIV_MTHD,CorrDisclosDelivMthd,CorrDisclosDelivMthd,ALIAS,L_SYMBOL,WG_CORR_DISCLOSURE_HISTORY
CORR_DISCLOS_TYPE,CorrDisclosType,CorrDisclosType,ALIAS,L_SYMBOL,WG_CORR_DISCLOSURE_HISTORY
S_VENDOR_TYPE,Corr Fee Vendor Type,Corr Fee Vendor Type,ALIAS,L_SYMBOL,WG_CORR_FEE_LOAN
CMS_CORR_UNDERW_TYPEOVRD,CMSCorUnderwTypeOvrd,CMSCorUnderwTypeOvrd,ALIAS,L_SYMBOL,WG_CORR_LOAN_DATA
CREDIT_AUTH_METHOD,CreditAuthMethod,CreditAuthMethod,ALIAS,L_SYMBOL,WG_CREDIT_AUTH
S_CCFND,CC Funds Type,CC Funds Type,ALIAS,L_SYMBOL,WG_DELIVERY_CLOSING_COST
S_CCFOT,CC Funds Type Oth,CC Funds Type Oth,ALIAS,L_SYMBOL,WG_DELIVERY_CLOSING_COST
S_CCOTH,CC Source Type Oth,CC Source Type Oth,ALIAS,L_SYMBOL,WG_DELIVERY_CLOSING_COST
S_CCSRC,CC Source Type,CC Source Type,ALIAS,L_SYMBOL,WG_DELIVERY_CLOSING_COST
S_LOAN_PGM_ID,Loan Program ID,Loan Program ID,ALIAS,L_SYMBOL,WG_DELIVERY_LOAN_PGM
S_ADMIN_BUSINESS_TYPE,Admin Business Type,Admin Business Type,ALIAS,L_SYMBOL,WG_DMI_BATCH_SETUP
EVENT_TYPE,PBEventType,PBEventType,ALIAS,L_SYMBOL,WG_DOC_PRVD_EVENT_DATES
S_DIST_METHOD,PBDistributionMethod,PBDistributionMethod,ALIAS,L_SYMBOL,WG_DOC_PRVD_EVENT_DATES
FULFILLMENT_TYPE,FulfillProcessType,FulfillProcessType,ALIAS,L_SYMBOL,WG_DOCUMENT_MGMT
S_LENDER_FULFILLMENT_TYPE,LenFulfillProcType,LenFulfillProcType,ALIAS,L_SYMBOL,WG_DOCUMENT_MGMT
S_REQUESTED_CLOSING_METHOD,RequestedClsMethod,RequestedClsMethod,ALIAS,L_SYMBOL,WG_DOCUMENT_MGMT
ID_TYPE,EntOffIdType,EntOffIdType,ALIAS,L_SYMBOL,WG_ENTITY_OFFICERS_ID
S_LENDER_POLICY_TYPE,ErnstLendPolicyType,ErnstLendPolicyType,ALIAS,L_SYMBOL,WG_ERNST_FEE_INTERFACE
S_OWNER_POLICY,ErnstOwnPolicyType,ErnstOwnPolicyType,ALIAS,L_SYMBOL,WG_ERNST_FEE_INTERFACE
S_LOCK_EXT_TYPE,Lock Ext Period,Lock Ext Period,ALIAS,L_SYMBOL,WG_EXTENSION_HIST
COUNSELTYPE,B2G InsCounselType,B2G InsCounselType,ALIAS,L_SYMBOL,WG_FHA_INSURANCE_APP_INP
GIFTSOURCE1,B2G Gift Srce 1 Ovrd,B2G Gift Srce 1 Ovrd,ALIAS,L_SYMBOL,WG_FHA_INSURANCE_APP_INP
GIFTSOURCE2,B2G Gift Srce 2 Ovrd,B2G Gift Srce 2 Ovrd,ALIAS,L_SYMBOL,WG_FHA_INSURANCE_APP_INP
SCOREDECISION,Scorecard Decision,Scorecard Decision,ALIAS,L_SYMBOL,WG_FHA_INSURANCE_APP_INP
SECFINSOURCE,B2G Sec fin Sce Ovrd,B2G Sec fin Sce Ovrd,ALIAS,L_SYMBOL,WG_FHA_INSURANCE_APP_INP
FHA_SCOREDECISION,InsAppScoDecision,InsAppScoDecision,ALIAS,L_SYMBOL,WG_FHA_INSURANCE_APP_RSP
S_ASSET,Asset Type,Asset Type,ALIAS,L_SYMBOL,WG_FORMFREE_RESPONSEASSET
REPORTABLEYROVR,HMDARepOverride2018,HMDARepOverride2018,ALIAS,L_SYMBOL,WG_HMDAINFO_EXT
EVENT_TYPE,IDTolEventType,IDTolEventType,ALIAS,L_SYMBOL,WG_ID_TOLERANCE
S_REASON,ImageInvalidReasons,ImageInvalidReasons,ALIAS,L_SYMBOL,WG_IMAGES_INVALID_REASONS
K1INCOMETYPE,SEIA_Type,SEIA_Type,ALIAS,L_SYMBOL,WG_INC_PROFORMA_K1_EXT
K1PROFORMAUSAGETYPE,K1ProformaUsageType,K1ProformaUsageType,ALIAS,L_SYMBOL,WG_INC_PROFORMA_K1_EXT
USAGE_TYPE,SchEUsageType,SchEUsageType,ALIAS,L_SYMBOL,WG_INC_PROFORMA_SCHE
S_PF_USAGE,PF UserD Inc Usage,PF UserD Inc Usage,ALIAS,L_SYMBOL,WG_INC_PROFORMA_USER_DEFINED
S_EMP_UNIT_TYPE,Emp Unit Type,Emp Unit Type,ALIAS,L_SYMBOL,WG_INCOME_SOURCE
S_SELF_EMPL_TYPE,SelfEmplType,SelfEmplType,ALIAS,L_SYMBOL,WG_INCOME_SOURCE
S_SPECIAL_BOR_EMP_REL_TYPE,SpeclBorEmpRelType,SpeclBorEmpRelType,ALIAS,L_SYMBOL,WG_INCOME_SOURCE
S_CLS_DISCL_CORRECT_TYPE,ClsDisclosCorrectTyp,ClsDisclosCorrectTyp,ALIAS,L_SYMBOL,WG_INT_DISCLOSURES
S_CLS_DISCL_PREP_BY,ClsDisclosPreparedBy,ClsDisclosPreparedBy,ALIAS,L_SYMBOL,WG_INT_DISCLOSURES
S_LOORGUNITTYPE,LO Org Unit Type,LO Org Unit Type,ALIAS,L_SYMBOL,WG_INTERVIEWER_INFO
S_CMTMT_AMORT_TYPE,Cmtmt Amort Type,Cmtmt Amort Type,ALIAS,L_SYMBOL,WG_INVST_COMMIT
S_CMTMT_DELIVERY_TYPE,Cmtmt Delivery Type,Cmtmt Delivery Type,ALIAS,L_SYMBOL,WG_INVST_COMMIT
S_CMTMT_DFLT_LOSS_TYPE,Cmtmt Dflt Loss Type,Cmtmt Dflt Loss Type,ALIAS,L_SYMBOL,WG_INVST_COMMIT
S_CMTMT_LOSS_CODE,Cmtmt Loss Code,Cmtmt Loss Code,ALIAS,L_SYMBOL,WG_INVST_COMMIT
S_CMTMT_MORTGAGE_TYPE,Cmtmt Mortgage Type,Cmtmt Mortgage Type,ALIAS,L_SYMBOL,WG_INVST_COMMIT
S_CMTMT_RATE_ROUND_TYPE,Cmtmt Rounding Type,Cmtmt Rounding Type,ALIAS,L_SYMBOL,WG_INVST_COMMIT
S_CMTMT_REMIT_TYPE,Cmtmt Remit Type,Cmtmt Remit Type,ALIAS,L_SYMBOL,WG_INVST_COMMIT
S_CMTMT_REO_MKTG_PTY,Cmtmt Reo Mktg Type,Cmtmt Reo Mktg Type,ALIAS,L_SYMBOL,WG_INVST_COMMIT
S_CMTMT_STATUS,Cmtmt Status,Cmtmt Status,ALIAS,L_SYMBOL,WG_INVST_COMMIT
S_CMTMT_STRUCTURE_TYPE,Cmtmt Structure Type,Cmtmt Structure Type,ALIAS,L_SYMBOL,WG_INVST_COMMIT
S_CMTMT_TYPE,Cmtmt Type,Cmtmt Type,ALIAS,L_SYMBOL,WG_INVST_COMMIT
S_INVLK_LOCK_STS,InvLk Lock Status,InvLk Lock Status,ALIAS,L_SYMBOL,WG_INVST_COMMIT
S_PROCESS_TYPE,Cmtmt Loan Proc Type,Cmtmt Loan Proc Type,ALIAS,L_SYMBOL,WG_INVST_COMMIT_LOAN
S_BOND_FINANCE,Cmtmt Bond Finance,Cmtmt Bond Finance,ALIAS,L_SYMBOL,WG_INVST_COMMIT_POOL
S_CALC_TYPE,Cmtmt Pool Calc Type,Cmtmt Pool Calc Type,ALIAS,L_SYMBOL,WG_INVST_COMMIT_POOL
S_CERT_AGREEMENT,Cmtmt Cert Agreement,Cmtmt Cert Agreement,ALIAS,L_SYMBOL,WG_INVST_COMMIT_POOL
S_ISSUER_TYPE,Cmtmt Issuer Type,Cmtmt Issuer Type,ALIAS,L_SYMBOL,WG_INVST_COMMIT_POOL
S_POOL_ARM_INDEX,Cmtmt Pool ARM Index,Cmtmt Pool ARM Index,ALIAS,L_SYMBOL,WG_INVST_COMMIT_POOL
S_POOL_TYPE,Cmtmt Pool Type,Cmtmt Pool Type,ALIAS,L_SYMBOL,WG_INVST_COMMIT_POOL
S_TRADE_TYPE,Trade Type,Trade Type,ALIAS,L_SYMBOL,WG_INVST_TRADE
S_COUPON_TYPE,TradeStk Coupon Type,TradeStk Coupon Type,ALIAS,L_SYMBOL,WG_INVST_TRADE_COUPON
S_TRADE_PAIR_ROLL_TYPE,Trade Pair Roll Type,Trade Pair Roll Type,ALIAS,L_SYMBOL,WG_INVST_TRADE_PAIR
S_DISP_ATTCH_TYP,Dispute Attach Type,Dispute Attach Type,ALIAS,L_SYMBOL,WG_KEYSTONE_EVENTS
S_EVENT_CATEGORY,KS EventCategory,KS EventCategory,ALIAS,L_SYMBOL,WG_KEYSTONE_EVENTS
S_EVENT_DISPUTE_ITEM,Dispute Item Type,Dispute Item Type,ALIAS,L_SYMBOL,WG_KEYSTONE_EVENTS
S_EVENT_STATUS_NAME,Event_Status_Name,Event_Status_Name,ALIAS,L_SYMBOL,WG_KEYSTONE_EVENTS
S_REASON_CODE,KS Reason Code,KS Reason Code,ALIAS,L_SYMBOL,WG_KEYSTONE_EVENTS
S_LE_DISCL_DELIV_MTHD,LEDisclosDelivMeth,LEDisclosDelivMeth,ALIAS,L_SYMBOL,WG_LOAN_ESTIMATE
S_TYPE,S Type,S Type,ALIAS,L_SYMBOL,WG_LOAN_ESTIMATE
S_CREDIT_TIER,LoanFCp Cred Tier,LoanFCp Cred Tier,ALIAS,L_SYMBOL,WG_LOANFIT_COMPARE_LOAN_BASE
S_DEPOSIT_TIER,LoanFCp Dep Tier,LoanFCp Dep Tier,ALIAS,L_SYMBOL,WG_LOANFIT_COMPARE_LOAN_BASE
S_DIRECTIVES,LoanFCp Directives,LoanFCp Directives,ALIAS,L_SYMBOL,WG_LOANFIT_COMPARE_LOAN_BASE
S_GOALS_OPTS,LoanFCp Goals Opts,LoanFCp Goals Opts,ALIAS,L_SYMBOL,WG_LOANFIT_COMPARE_LOAN_BASE
S_MAX_TERM,LoanFCp Max Term,LoanFCp Max Term,ALIAS,L_SYMBOL,WG_LOANFIT_COMPARE_LOAN_BASE
S_MIN_TERM,LoanFCp Min Term,LoanFCp Min Term,ALIAS,L_SYMBOL,WG_LOANFIT_COMPARE_LOAN_BASE
S_NBR_BORR,LoanFCp Nbr Borr,LoanFCp Nbr Borr,ALIAS,L_SYMBOL,WG_LOANFIT_COMPARE_LOAN_BASE
S_OCCUPANCY,LoanFCp Occupancy,LoanFCp Occupancy,ALIAS,L_SYMBOL,WG_LOANFIT_COMPARE_LOAN_BASE
S_PROP_TYPE,LoanFCp Prop Type,LoanFCp Prop Type,ALIAS,L_SYMBOL,WG_LOANFIT_COMPARE_LOAN_BASE
S_PURP_REFI,LoanFCp Purp Refi,LoanFCp Purp Refi,ALIAS,L_SYMBOL,WG_LOANFIT_COMPARE_LOAN_BASE
S_PURPOSE,LoanFCp Purpose,LoanFCp Purpose,ALIAS,L_SYMBOL,WG_LOANFIT_COMPARE_LOAN_BASE
S_CREDIT_TIER,LoanFit Cred Tier,LoanFit Cred Tier,ALIAS,L_SYMBOL,WG_LOANFIT_LOAN_BASE
S_DEPOSIT_TIER,LoanFit Dep Tier,LoanFit Dep Tier,ALIAS,L_SYMBOL,WG_LOANFIT_LOAN_BASE
S_DIRECTIVES,LoanFit Directives,LoanFit Directives,ALIAS,L_SYMBOL,WG_LOANFIT_LOAN_BASE
S_GOALS_OPTS,LoanFit Goals Opts,LoanFit Goals Opts,ALIAS,L_SYMBOL,WG_LOANFIT_LOAN_BASE
S_MAX_TERM,LoanFit Max Term,LoanFit Max Term,ALIAS,L_SYMBOL,WG_LOANFIT_LOAN_BASE
S_MIN_TERM,LoanFit Min Term,LoanFit Min Term,ALIAS,L_SYMBOL,WG_LOANFIT_LOAN_BASE
S_NBR_BORR,LoanFit Nbr Borr,LoanFit Nbr Borr,ALIAS,L_SYMBOL,WG_LOANFIT_LOAN_BASE
S_OCCUPANCY,LoanFit Occupancy,LoanFit Occupancy,ALIAS,L_SYMBOL,WG_LOANFIT_LOAN_BASE
S_PROP_TYPE,LoanFit Prop Type,LoanFit Prop Type,ALIAS,L_SYMBOL,WG_LOANFIT_LOAN_BASE
S_PURP_REFI,LoanFit Purp Refi,LoanFit Purp Refi,ALIAS,L_SYMBOL,WG_LOANFIT_LOAN_BASE
S_PURPOSE,LoanFit Purpose,LoanFit Purpose,ALIAS,L_SYMBOL,WG_LOANFIT_LOAN_BASE
S_FRE_PARTY_ROLE_TYPE,FRE Party Type,FRE Party Type,ALIAS,L_SYMBOL,WG_LPA_PARTYROLETYPE
S_ENGINE_COUNT,EngCount,EngCount,ALIAS,L_SYMBOL,WG_MARINE_BOAT_VAL_RESPONSE
S_ENGINE_FUEL,BtEngFuel,BtEngFuel,ALIAS,L_SYMBOL,WG_MARINE_BOAT_VAL_RESPONSE
S_ENGINE_MFG_CODE,EngMfgCode,EngMfgCode,ALIAS,L_SYMBOL,WG_MARINE_BOAT_VAL_RESPONSE
S_ENGINE_TYPE,BtEngType,BtEngType,ALIAS,L_SYMBOL,WG_MARINE_BOAT_VAL_RESPONSE
S_HULL_CONFIG,HullConfig,HullConfig,ALIAS,L_SYMBOL,WG_MARINE_BOAT_VAL_RESPONSE
S_HULL_MATERIAL,HullMtrl,HullMtrl,ALIAS,L_SYMBOL,WG_MARINE_BOAT_VAL_RESPONSE
S_RESP_BOAT_TYPE,RespBoatTyp,RespBoatTyp,ALIAS,L_SYMBOL,WG_MARINE_BOAT_VAL_RESPONSE
S_TOP_RIG,TopRig,TopRig,ALIAS,L_SYMBOL,WG_MARINE_BOAT_VAL_RESPONSE
S_ATREXEMPTTRANSTYPE,MaventATRExemptType,MaventATRExemptType,ALIAS,L_SYMBOL,WG_MAVENT_ATRQM
S_ATRTYPE,MaventATRType,MaventATRType,ALIAS,L_SYMBOL,WG_MAVENT_ATRQM
S_CREDITPURPOSE,MaventCreditPurpose,MaventCreditPurpose,ALIAS,L_SYMBOL,WG_MAVENT_ATRQM
S_QMTYPE,MaventQMType,MaventQMType,ALIAS,L_SYMBOL,WG_MAVENT_ATRQM
S_SOLDTRANSFER,MaventSoldTransfer,MaventSoldTransfer,ALIAS,L_SYMBOL,WG_MAVENT_ATRQM
S_MB_RECOMMENDATION,MBAUS Recommend Code,MBAUS Recommend Code,ALIAS,L_SYMBOL,WG_MBAUS_RESPONSE
S_BUSCHL,Bus Channel,Bus Channel,ALIAS,L_SYMBOL,WG_NEWS_ANNOUNCEMENTS
S_LINK_TYPE,News Link Type,News Link Type,ALIAS,L_SYMBOL,WG_NEWS_ANNOUNCEMENTS
REFI_MORT_TYPE,Refi. Mort Type,Refi. Mort Type,ALIAS,L_SYMBOL,WG_NONSTD_STDREFI
S_OWNER_ITEM_TYPE,Owner Item Type,Owner Item Type,ALIAS,L_SYMBOL,WG_OWNERSITEM
S_INFO_TYPE,Client Info Type,Client Info Type,ALIAS,L_SYMBOL,WG_PORTAL_CLIENT_INFO
S_EXCEPTION_STATUS,PE Exception Status,PE Exception Status,ALIAS,L_SYMBOL,WG_PRICE_EXCEPTIONS
S_EXCEPTION_TYPE,PE Exception Type,PE Exception Type,ALIAS,L_SYMBOL,WG_PRICE_EXCEPTIONS
LENGTH_OF_OWNERSHIP,Length of Ownership,Length of Ownership,ALIAS,L_SYMBOL,WG_PRODUCT_ELIGIBILITY
S_CPTYP,Corr Property,Corr Property,ALIAS,L_SYMBOL,WG_PROPERTY_CORR
S_PRJLIT,Project Litigation,Project Litigation,ALIAS,L_SYMBOL,WG_PROPERTY_CORR
S_PRODUCT_EVENT,Order Event,Order Event,ALIAS,L_SYMBOL,WG_REALEC_PROD_EVENT
S_ORDER_PRODUCT,Order Product,Order Product,ALIAS,L_SYMBOL,WG_REALEC_PRODUCT
S_ORDER_PRODUCT_APP,Order Appproduct,Order Appproduct,ALIAS,L_SYMBOL,WG_REALEC_PRODUCT
S_PRODUCT_PROVIDER,Order Provider,Order Provider,ALIAS,L_SYMBOL,WG_REALEC_PRODUCT
S_REASON_CODE,Reason Code,Reason Code,ALIAS,L_SYMBOL,WG_REALEC_REASON_CODE
S_REDRAW_REASON,Re-Draw Reason,Re-Draw Reason,ALIAS,L_SYMBOL,WG_REDRAW_REASONS
S_EVENTTYPE,ReggoraApprStatus,ReggoraApprStatus,ALIAS,L_SYMBOL,WG_REGGORA_ORDER_STATUS
LIEN_POSITION,Mort Lien Position,Mort Lien Position,ALIAS,L_SYMBOL,WG_SELLER_MORTGAGE_INFO
S_TYPE,CDBorOtherCreditType,CDBorOtherCreditType,ALIAS,L_SYMBOL,WG_SIM_CD_BOR_OTHER_CREDITS
S_TYPE,CDDueFromBorItemType,CDDueFromBorItemType,ALIAS,L_SYMBOL,WG_SIM_CD_DUE_FROM_BOR
S_ADJ_TYPE,CDDueFromBorAdjType,CDDueFromBorAdjType,ALIAS,L_SYMBOL,WG_SIM_CD_DUE_FROM_BOR_ADJ
S_TYPE,CDDueFromSelItemType,CDDueFromSelItemType,ALIAS,L_SYMBOL,WG_SIM_CD_DUE_FROM_SEL
S_PAIDBY_TYPE,CDDueFromSelAdjPayer,CDDueFromSelAdjPayer,ALIAS,L_SYMBOL,WG_SIM_CD_DUE_FROM_SEL_ADJ
S_TYPE,CDDueFromSelAdjType,CDDueFromSelAdjType,ALIAS,L_SYMBOL,WG_SIM_CD_DUE_FROM_SEL_ADJ
S_PAIDBY_TYPE,CDPaidByBorItemPayer,CDPaidByBorItemPayer,ALIAS,L_SYMBOL,WG_SIM_CD_PAID_BY_BOR
S_TYPE,CDPaidByBorItemType,CDPaidByBorItemType,ALIAS,L_SYMBOL,WG_SIM_CD_PAID_BY_BOR
S_TYPE,CDPaidByBorAdjType,CDPaidByBorAdjType,ALIAS,L_SYMBOL,WG_SIM_CD_PAID_BY_BOR_ADJ
S_ADJ_TYPE,CDPaidBySelAdjType,CDPaidBySelAdjType,ALIAS,L_SYMBOL,WG_SIM_CD_PAID_BY_SELLER_ADJ
S_TYPE,CDPayoffsPmtsType,CDPayoffsPmtsType,ALIAS,L_SYMBOL,WG_SIM_CD_PAYOFFS_PMTS
S_TYPE,CDUnpaidBySelAdjType,CDUnpaidBySelAdjType,ALIAS,L_SYMBOL,WG_SIM_CD_UNPAID_BY_SEL_ADJ
S_MSG_SOURCE,SimpMsgSource,SimpMsgSource,ALIAS,L_SYMBOL,WG_SIMPLIFILE_MESSAGES
FACTOR_ORIG_LOAN_TYPE,TNB Orig Loan type,TNB Orig Loan type,ALIAS,L_SYMBOL,WG_TANGIBLE_NET_BENEFIT
PREVIOUS_LOAN_PURP,TNB Pre Loan Purp,TNB Pre Loan Purp,ALIAS,L_SYMBOL,WG_TANGIBLE_NET_BENEFIT
S_TASK_TYPE,TS Task Type,TS Task Type,ALIAS,L_SYMBOL,WG_TASK_MASTER
AREA_TYPE,GHP Spec Program,GHP Spec Program,ALIAS,L_SYMBOL,WG_TL_RURALHOUSE
GUAR_DIRECT_LN,GuarDirectLn,GuarDirectLn,ALIAS,L_SYMBOL,WG_TL_RURALHOUSE
GUAR_FEE_PUR_CD,GuarFeePurCode,GuarFeePurCode,ALIAS,L_SYMBOL,WG_TL_RURALHOUSE
INCOME_LIMIT,GHP Limit Program,GHP Limit Program,ALIAS,L_SYMBOL,WG_TL_RURALHOUSE
INT_RT_CODE,IntRateCode,IntRateCode,ALIAS,L_SYMBOL,WG_TL_RURALHOUSE
INTASSISTCODE,IntAssistCode,IntAssistCode,ALIAS,L_SYMBOL,WG_TL_RURALHOUSE
SRCFNDCODE,SrcFndCode,SrcFndCode,ALIAS,L_SYMBOL,WG_TL_RURALHOUSE
S_INCTYPE,IncomeTypeR,IncomeTypeR,ALIAS,L_SYMBOL,WG_TL_RURALOTHER
S_BRANCH,Branch of Service,Branch of Service,ALIAS,L_SYMBOL,WG_TLBR_VET_MILT_SERVICE
S_FHLMC_CODE,ddFHLMCCodeManual,ddFHLMCCodeManual,ALIAS,L_SYMBOL,WG_TLR_DELIVERY_CODES
S_FNMA_CODE,ddFNMACodeManual,ddFNMACodeManual,ALIAS,L_SYMBOL,WG_TLR_DELIVERY_CODES
REASON_CODE,GFE Revision Reason,GFE Revision Reason,ALIAS,L_SYMBOL,WG_TLR_GFEREVRSN
BOOK_TYPE,Book Type,Book Type,ALIAS,L_SYMBOL,WG_TLR_RECORDING_INFO
DOCUMENT_TYPE,Document Type,Document Type,ALIAS,L_SYMBOL,WG_TLR_RECORDING_INFO
JURISDICTION_TYPE,Rec Jurisd Type,Rec Jurisd Type,ALIAS,L_SYMBOL,WG_TLR_RECORDING_INFO
S_TITLESTATUS,Title Status,Title Status,ALIAS,L_SYMBOL,WG_TLR_TITLE_INS
TITLE_PRODUCT_TYPE,Title Product Type,Title Product Type,ALIAS,L_SYMBOL,WG_TLR_TITLE_INS
S_SELL_CD_SIGN_TYPE,Sell1 CD Sign Type,Sell1 CD Sign Type,ALIAS,L_SYMBOL,WG_UCD_CD_SELLER_SIGN
S_BORR_CD_SIGN_TYPE,Borr1 CD Sign Type,Borr1 CD Sign Type,ALIAS,L_SYMBOL,WG_UCD_CD_SIGNATORY
S_COND_META1,UWC Doc Metadata,UWC Doc Metadata,ALIAS,L_SYMBOL,WG_UWC_SUBCONDITIONS
S_COND_META2,UWC Doc Metadata,UWC Doc Metadata,ALIAS,L_SYMBOL,WG_UWC_SUBCONDITIONS
S_COND_META3,UWC Doc Metadata,UWC Doc Metadata,ALIAS,L_SYMBOL,WG_UWC_SUBCONDITIONS
S_WTHRDES,WeatherizationDesc,WeatherizationDesc,ALIAS,L_SYMBOL,WG_WEATHERIZATION
