TABLENAME,COLUMNNAME,FLDNAME,LKP_TABLE,LKP_COLUMN,LKP_DISPLAY_COLUMN
APPREQ,APPR_B2G_LIC_TYPE,Appr B2G Lic Type,L_SYMBOL,Appr B2G Lic Type,ALIAS
ARMINFO,S_FNM_INDEX_TYPE,FNM Index Type,L_SYMBOL,FNM Index Type,ALIAS
ARMINFO,S_FRE_INDEX_TYPE,FRE Index Type,L_SYMBOL,FRE Index Type,ALIAS
ASSETS,ASSET_VERIFI_TYPE,Asset Verifi Type,L_SYMBOL,Asset Verifi Type,ALIAS
Assets,S_ACCOUNT_OWNERSHIP,ActOwnShip,L_SYMBOL,ActOwnShip,ALIAS
ASSETS,S_ASSET,Asset Type,L_SYMBOL,Asset Type,ALIAS
ASSETS,S_GIFT_PRVDR_TYPE,GftAsstProvdrType,L_SYMBOL,GftAsstProvdrType,ALIAS
ASSGNMT,S_NOTARYTYPE,NotaryTypeOfPresence,L_SYMBOL,NotaryTypeOfPresence,ALIAS
BORROWER,FHA_CLASSIFICATION,FHABorClassification,L_SYMBOL,FHABorClassification,ALIAS
BORROWER,GENDER,Borrower Gender,L_SYMBOL,Borrower Gender,ALIAS
BORROWER,LIVE_RENT_FREE_ENUMS,LivRentFreeEnums,L_SYMBOL,LivRentFreeEnums,ALIAS
BORROWER,S_BOR_UNIT_TYPE,Borrower Unit Type,L_SYMBOL,Borrower Unit Type,ALIAS
BORROWER,S_BORTYP,Borrower Type,L_SYMBOL,Borrower Type,ALIAS
BORROWER,S_CITIZENSHIP,Citizenship,L_SYMBOL,Citizenship,ALIAS
BORROWER,S_COV_BORR_STATUS,CovBorrStatus,L_SYMBOL,CovBorrStatus,ALIAS
BORROWER,S_IVMETH,Method Of Inv Borr,L_SYMBOL,Method Of Inv Borr,ALIAS
BORROWER,S_LEGAL_ENTITY_TYP_OTH,Legal Entity Typ Oth,L_SYMBOL,Legal Entity Typ Oth,ALIAS
BORROWER,S_LEGAL_ENTITY_TYPE,Legal Entity Type,L_SYMBOL,Legal Entity Type,ALIAS
BORROWER,S_MARITL,Marital Status,L_SYMBOL,Marital Status,ALIAS
BORROWER,S_OWNSHP,BA Own Rights,L_SYMBOL,BA Own Rights,ALIAS
BORROWER,S_PARTY_TYPE,PartyType,L_SYMBOL,PartyType,ALIAS
BORROWER,S_UNMARRIED,IsUnmarried,L_SYMBOL,IsUnmarried,ALIAS
BORROWER,S_UNMARRIED_RLTNSHIP,UNMARRIEDRLTNSHPTYP,L_SYMBOL,UNMARRIEDRLTNSHPTYP,ALIAS
BORROWER,S_VESTNG,Borrower Vesting,L_SYMBOL,Borrower Vesting,ALIAS
CL_TL_APPLICATION,S_LOAN_PURPOSE,L Loan Purpose,L_SYMBOL,L Loan Purpose,ALIAS
CLOS_GEN,RECJURTYPE,Rec. Jurisd. Type,L_SYMBOL,Rec. Jurisd. Type,ALIAS
CLOS_GEN,S_MORTRET,Mortgage Return,L_SYMBOL,Mortgage Return,ALIAS
CLOSGOVT,MIPREASN,Reason for Payment,L_SYMBOL,Reason for Payment,ALIAS
CLOSGOVT,S_REFTYP,Gov. Refinance Type,L_SYMBOL,Gov. Refinance Type,ALIAS
CLOSGOVT,S_SOA,Section of Act,L_SYMBOL,Section of Act,ALIAS
CLOSGOVT,S_SOANM,Section of Act NM,L_SYMBOL,Section of Act NM,ALIAS
CLOSNGVA,S_AGENT1,Authorized Agent 1,L_SYMBOL,Closing Agent Type,ALIAS
CLOSNGVA,S_AGENT2,Authorized Agent 2,L_SYMBOL,Closing Agent Type,ALIAS
CLOSNGVA,S_AGENT3,Authorized Agent 3,L_SYMBOL,Closing Agent Type,ALIAS
CLOSNGVA,S_AGENT4,Authorized Agent 4,L_SYMBOL,Closing Agent Type,ALIAS
CLOSNGVA,S_AGENT5,Authorized Agent 5,L_SYMBOL,Closing Agent Type,ALIAS
COLLECTD,CCARD_TYPE,CCard Type,L_SYMBOL,CCard Type,ALIAS
COLLECTD,PAYMENT_TYPE,Payment Type,L_SYMBOL,Payment Type,ALIAS
COLLECTD,S_METHOD,Collected Method,L_SYMBOL,Collected Method,ALIAS
COLLECTD,S_PAIDBY,Fee Paid By,L_SYMBOL,Fee Paid By,ALIAS
CONS_GEN,S_ODDDAYS_DEFER,Const. Odd Deferral,L_SYMBOL,Const. Odd Deferral,ALIAS
CONSREFI,S_CONST_PERM_CLOSING,ConsToPermClosing,L_SYMBOL,ConsToPermClosing,ALIAS
CONSREFI,S_CONST_PERM_FEATURE,Const Perm Feature,L_SYMBOL,Const Perm Feature,ALIAS
CONSREFI,S_FNM_REFI_PGM,FNM Refi Pgm,L_SYMBOL,FNM Refi Pgm,ALIAS
CONSREFI,S_FRE_REFI_PGM,FRE Refi Pgm,L_SYMBOL,FRE Refi Pgm,ALIAS
CONSREFI,S_GSE_REFINANCE_PURPOSE,GSE Purp of Refi,L_SYMBOL,GSE Purp of Refi,ALIAS
CONSREFI,S_ORIG_INVESTOR,Original Investor,L_SYMBOL,Original Investor,ALIAS
CONSREFI,S_REFPRP,Purpose of Refinance,L_SYMBOL,Purpose of Refinance,ALIAS
DECLRTN,S_BANKRUPTCY_TYPE,BankruptcyChapter,L_SYMBOL,BankruptcyChapter,ALIAS
DECLRTN,S_PRPTYP,FTH Occupancy,L_SYMBOL,FTH Occupancy,ALIAS
DECLRTN,S_TITLE,FTH Manner Held,L_SYMBOL,FTH Manner Held,ALIAS
DELIVERY,S_BECA1,BECA 1,L_SYMBOL,BECA 1,ALIAS
DELIVERY,S_BECA2,BECA 2,L_SYMBOL,BECA 2,ALIAS
DELIVERY,S_BECF1,BECF 1,L_SYMBOL,BECF 1,ALIAS
DELIVERY,S_BECF2,BECF 2,L_SYMBOL,BECF 2,ALIAS
DELIVERY,S_CCSRC1,Closing Cost Code 1,L_SYMBOL,Closing Cost Code 1,ALIAS
DELIVERY,S_CCSRC2,Closing Cost Code 2,L_SYMBOL,Closing Cost Code 2,ALIAS
DELIVERY,S_CCSRC3,Closing Cost Code 3,L_SYMBOL,Closing Cost Code 3,ALIAS
DELIVERY,S_CCSRC4,Closing Cost Code 4,L_SYMBOL,Closing Cost Code 4,ALIAS
DELIVERY,S_DPSRC1,Down Payment Src 1,L_SYMBOL,Down Payment Src 1,ALIAS
DELIVERY,S_DPSRC2,Down Payment Src 2,L_SYMBOL,Down Payment Src 2,ALIAS
DELIVERY,S_DPSRC3,Down Payment Src 3,L_SYMBOL,Down Payment Src 3,ALIAS
DELIVERY,S_DPSRC4,Down Payment Src 4,L_SYMBOL,Down Payment Src 4,ALIAS
DELIVERY,S_FNM_HOME_IMP_PROD,FNM Home Imp Prod,L_SYMBOL,FNM Home Imp Prod,ALIAS
DELIVERY,S_INT_ACCRUAL_TYPE,InterestAccrualType,L_SYMBOL,InterestAccrualType,ALIAS
DELIVERY,S_INT_CALC_BASIS_TYPE,Int Calc Basis Type,L_SYMBOL,Int Calc Basis Type,ALIAS
DELIVERY,S_INT_CALC_METHOD,Interest Calc Type,L_SYMBOL,Interest Calc Type,ALIAS
DELIVERY,S_INT_CALC_PERIOD,Int Calc Period,L_SYMBOL,Int Calc Period,ALIAS
DELIVERY,S_LFC,Loan Feature Code,L_SYMBOL,Loan Feature Code,ALIAS
DELIVERY,S_SFSRC1,Secondary Fin 1,L_SYMBOL,Secondary Fin 1,ALIAS
DELIVERY,S_SFSRC2,Secondary Fin 2,L_SYMBOL,Secondary Fin 2,ALIAS
DELIVERY,S_SIGNDOCPUSHBACK,SignDocPushBack,L_SYMBOL,SignDocPushBack,ALIAS
DELIVERY,S_SPF1,Spec. Feature Code 1,L_SYMBOL,Spec. Feature Code 1,ALIAS
DELIVERY,S_SPF10,Spec. Feature Code10,L_SYMBOL,Spec. Feature Code10,ALIAS
DELIVERY,S_SPF2,Spec. Feature Code 2,L_SYMBOL,Spec. Feature Code 2,ALIAS
DELIVERY,S_SPF3,Spec. Feature Code 3,L_SYMBOL,Spec. Feature Code 3,ALIAS
DELIVERY,S_SPF4,Spec. Feature Code 4,L_SYMBOL,Spec. Feature Code 4,ALIAS
DELIVERY,S_SPF5,Spec. Feature Code 5,L_SYMBOL,Spec. Feature Code 5,ALIAS
DELIVERY,S_SPF6,Spec. Feature Code 6,L_SYMBOL,Spec. Feature Code 6,ALIAS
DELIVERY,S_SPF7,Spec. Feature Code 7,L_SYMBOL,Spec. Feature Code 7,ALIAS
DELIVERY,S_SPF8,Spec. Feature Code 8,L_SYMBOL,Spec. Feature Code 8,ALIAS
DELIVERY,S_SPF9,Spec. Feature Code 9,L_SYMBOL,Spec. Feature Code 9,ALIAS
DOWNPYMT,S_DOWN_PMT_SRC_OTH,Downpaymt Src Oth,L_SYMBOL,Downpaymt Src Oth,ALIAS
DOWNPYMT,S_DOWN_PMT_SRC_TYP,Down Pymt Source Typ,L_SYMBOL,Down Pymt Source Typ,ALIAS
DOWNPYMT,S_DOWN_PMT_TYP,Down Pymt Typ,L_SYMBOL,Down Pymt Typ,ALIAS
DOWNPYMT,S_TYPE,Downpaymt Type,L_SYMBOL,Downpaymt Type,ALIAS
DOWNPYMT,S_TYPE_OTH,Downpaymt Type Oth,L_SYMBOL,Downpaymt Type Oth,ALIAS
DTLTRAN,S_PURCH_CREDIT_TYPE,Purchase Credit Type,L_SYMBOL,Purchase Credit Type,ALIAS
DTLTRAN,S_PURCH_SOURCE_TYPE,Purchase Source Type,L_SYMBOL,Purchase Source Type,ALIAS
DTLTRAN,S_TRAN,Credit Types,L_SYMBOL,Credit Types,ALIAS
DU4LOAN,AGENCYSPLPRODUCTS,Agency SPL Products,L_SYMBOL,Agency SPL Products,ALIAS
DU4LOAN,S_ACT_EST_INDICATOR,Act vs Est Ind,L_SYMBOL,Act vs Est Ind,ALIAS
DU4LOAN,S_ARMNUM,FNMA ARM Plan Num,L_SYMBOL,FNMA ARM Plan Num,ALIAS
DU4LOAN,S_CRAGENCY,DU4 Credit Agency,L_SYMBOL,DU4 Credit Agency,ALIAS
DU4LOAN,S_INDEXTYPE,DU4 Index Type,L_SYMBOL,DU4 Index Type,ALIAS
EIS_MTM_PRICINGDATA,PRODUCT,Product,L_SYMBOL,Product,ALIAS
ESCROWHB,S_TYPE,Escrow HB Type,L_SYMBOL,Escrow HB Type,ALIAS
FEEVALS,S_AGGTYPE,Fee Aggregation Type,L_SYMBOL,Fee Aggregation Type,ALIAS
FEEVALS,S_CHANGE_TYPE,Fee Change Type,L_SYMBOL,Fee Change Type,ALIAS
FEEVALS,S_PAIDBY,Fee Paid By Type,L_SYMBOL,Fee Paid By Type,ALIAS
FEEVALS,S_PAIDTO,Fee Paid To Type,L_SYMBOL,Fee Paid To Type,ALIAS
FEEVALS,S_PERIOD,Escrow Period,L_SYMBOL,Escrow Period,ALIAS
FEEVALS,S_RESP_PARTY,Fee Resp Party,L_SYMBOL,Fee Resp Party,ALIAS
FEEVALS,S_SECTION_TYPE,Fee ID Section Type,L_SYMBOL,Fee ID Section Type,ALIAS
FEEVALS,S_TOLERANCE_CATEGORY,FeeToleranceCategory,L_SYMBOL,FeeToleranceCategory,ALIAS
FLOOD,S_FLDZON,Flood Map Zone,L_SYMBOL,Flood Map Zone,ALIAS
FRMDOCS,S_CATEGORY,Document Category,L_SYMBOL,Document Category,ALIAS
FRMDOCS,S_SIGTYPE,Doc Signature Type,L_SYMBOL,Doc Signature Type,ALIAS
GF_REFIINFO,S_ORIG_LOAN_PURP,Refi Loan Purpose,L_SYMBOL,Refi Loan Purpose,ALIAS
GF_REFIINFO,S_ORIG_LOAN_TYPE,Refi Loan Type,L_SYMBOL,Refi Loan Type,ALIAS
GF_TL_1008INFO,S_MTG_ORIG,Mtg Org Type,L_SYMBOL,Mtg Org Type,ALIAS
GF_TL_1008INFO,S_RISK_ASSESS,Risk Assessment Type,L_SYMBOL,Risk Assessment Type,ALIAS
GF_TL_AUDATA,DU_COMM_LEND_PROD,DU Comm Lend Product,L_SYMBOL,DU Comm Lend Product,ALIAS
GF_TL_BALLOON_MATURE,S_PERCENT_801,FR_Percent_801,L_SYMBOL,FR_Percent_801,ALIAS
GF_TL_BALLOON_MATURE,S_PERCENT_802,FR_Percent_802,L_SYMBOL,FR_Percent_802,ALIAS
GF_TL_BUYDOWN_SUBSIDY,BUYDN_DISB_TYPE,Buydn Disb Type,L_SYMBOL,Buydn Disb Type,ALIAS
GF_TL_BUYDOWN_SUBSIDY,BUYDOWN_CONTRIBUTOR_TYPE,Buydown Contributor,L_SYMBOL,Buydown Contributor,ALIAS
GF_TL_CLOSFHA,S_APPRAISERSELECTTYPE,FHA Apprs Select Typ,L_SYMBOL,FHA Apprs Select Typ,ALIAS
GF_TL_CLOSFHA,S_FHA_LOAN_PURPOSE,FHA Loan Purpose,L_SYMBOL,FHA Loan Purpose,ALIAS
GF_TL_CLOSFHA,S_FHA_TYPE_OF_CASE,FHA Type of Case,L_SYMBOL,FHA Type of Case,ALIAS
GF_TL_CLOSFHA,S_FHABORRCLASS,FHA BorrowerClsType,L_SYMBOL,FHA BorrowerClsType,ALIAS
GF_TL_CLOSFHA,S_FHACASETYPE,FHA Case Type,L_SYMBOL,FHA Case Type,ALIAS
GF_TL_CLOSFHA,S_INSPTYPE,FHA Inspection Type,L_SYMBOL,FHA Inspection Type,ALIAS
GF_TL_CLOSFHA,S_REFITYPE,Refi Type,L_SYMBOL,Refi Type,ALIAS
GF_TL_CLOSGOVT,FHA_AMTYPE,FHA AmortizationType,L_SYMBOL,FHA AmortizationType,ALIAS
GF_TL_CLOSGOVT,S_ADP,ADP Code,L_SYMBOL,ADP Code,ALIAS
GF_TL_CLOSGOVT,S_AGENCYTYPE,FHAVA Agency Type,L_SYMBOL,FHAVA Agency Type,ALIAS
GF_TL_CLOSGOVT,S_CASE_STATUS,FHAVA Case Status,L_SYMBOL,FHAVA Case Status,ALIAS
GF_TL_CLOSGOVT,S_EEMHOMETYPE,EEM Home Type,L_SYMBOL,EEM Home Type,ALIAS
GF_TL_CLOSGOVT,S_FHASPECIALPGM,Special Program,L_SYMBOL,Special Program,ALIAS
GF_TL_CLOSGOVT,S_FINANCINGTYPE,FHA Finance Type,L_SYMBOL,FHA Finance Type,ALIAS
GF_TL_CLOSGOVT,S_GOVREFITYPE_NM,Gov. Refi Type NM,L_SYMBOL,Gov. Refi Type NM,ALIAS
GF_TL_CLOSGOVT,S_HOUSING_PROGRAM,FHA Housing Program,L_SYMBOL,FHA Housing Program,ALIAS
GF_TL_CLOSGOVT,S_HUD_FLDOFFICE,HUD Field Office,L_SYMBOL,HUD Field Office,ALIAS
GF_TL_CLOSGOVT,S_PROCCODE,FHAVA Process Type,L_SYMBOL,FHAVA Process Type,ALIAS
GF_TL_CLOSING,S_BUSTYPE,Business Type,L_SYMBOL,Business Type,ALIAS
GF_TL_CLOSING,S_CLS_DOCS_METHOD_OF_DELIV,Clos Docs Meth Deliv,L_SYMBOL,Clos Docs Meth Deliv,ALIAS
GF_TL_CONSTESCROW,CONDOPUD_TYPE,CondoPudWrnty_Type,L_SYMBOL,CondoPudWrnty_Type,ALIAS
GF_TL_CREDIT_SCORE,S_SELDEC,Select Dec,L_SYMBOL,Select Dec,ALIAS
GF_TL_DELIVERY,SF_LENDER_ID_TYPE,SecondaryFin ID Type,L_SYMBOL,SecondaryFin ID Type,ALIAS
GF_TL_DOCUTECH_REQUEST,PACKAGETYPE,DocuTech Package Typ,L_SYMBOL,DocuTech Package Typ,ALIAS
GF_TL_FUNDING,S_FUNDTYPE,Fund Method,L_SYMBOL,Fund Method,ALIAS
GF_TL_FUNDING,S_INCL_PAYOFF,IncludePayoffInDisb,L_SYMBOL,IncludePayoffInDisb,ALIAS
GF_TL_FUNDING_LETTER,STATUS,Loan Status,L_SYMBOL,Loan Status,ALIAS
GF_TL_GFE_FEE_SNAPSHOT,S_RESP_PARTY,Fee Resp Party,L_SYMBOL,Fee Resp Party,ALIAS
GF_TL_HAMP_ORIGINAL_LOAN,S_PRODUCT,HAMP Orig Product,L_SYMBOL,HAMP Orig Product,ALIAS
GF_TL_HAMP_TRACKING,S_DENIAL_REASON,HAMP Denial Reasons,L_SYMBOL,HAMP Denial Reasons,ALIAS
GF_TL_HAMP_TRACKING,S_INVESTOR,GSE Investor,L_SYMBOL,GSE Investor,ALIAS
GF_TL_INVESTOR_LOCK,COMMITMENT_PROGRAM,Commitment Program,L_SYMBOL,Commitment Program,ALIAS
GF_TL_INVESTOR_LOCK,S_INV_LOCK_PERIOD,InvLk Lock Period,L_SYMBOL,InvLk Lock Period,ALIAS
GF_TL_INVESTOR_LOCK,S_INVLK_LOCK_STS,InvLk Lock Status,L_SYMBOL,InvLk Lock Status,ALIAS
GF_TL_INVESTOR_LOCK,S_SM_STATUS,SM Status,L_SYMBOL,SM Status,ALIAS
GF_TL_LOAN_DATA,DMI_BILLING_MODE,DMI Billing Mode,L_SYMBOL,DMI Billing Mode,ALIAS
GF_TL_LOAN_DATA,DMI_OWN_RIGHTS,DMI Ownership Rights,L_SYMBOL,DMI Ownership Rights,ALIAS
GF_TL_LOAN_DATA,S_AUS_RESULT,AUSResult,L_SYMBOL,AUSResult,ALIAS
GF_TL_LOAN_DATA,S_AUSUWTYPE,AUS UW Type,L_SYMBOL,AUS UW Type,ALIAS
GF_TL_LOAN_DATA,S_BRANCH_TYPE,Branch Type,L_SYMBOL,Branch Type,ALIAS
GF_TL_LOAN_DATA,S_INDEX,ARM Index Type,L_SYMBOL,ARM Index Type,ALIAS
GF_TL_LOAN_DATA,S_INIT_DISC_DELIVERY_MTHD,Init Disc Dlvry Mthd,L_SYMBOL,Init Disc Dlvry Mthd,ALIAS
GF_TL_LOAN_DATA,S_INTPRD_COMM_MET,Communication Method,L_SYMBOL,Communication Method,ALIAS
GF_TL_LOAN_DATA,S_WELCOME_CALL,Welcome Call,L_SYMBOL,Welcome Call,ALIAS
GF_TL_LOAN_STATUS,S_LOAN_STATUS,Loan Status,L_SYMBOL,Loan Status,ALIAS
GF_TL_PNP_IPG_DETAIL,INV_CODE_OVR,Inv Code Ovr,GF_TS_PNP_IPG_INVESTOR,INVESTORCODE,INVESTORNAME
GF_TL_PNP_IPG_DETAIL,INV_PRICE_CODE_OVR,Inv Price Code Ovr,GF_TS_PNP_IPG_PRICING,PRICING_GROUP_CODE,PRICING_GROUP_NAME
GF_TL_PNP_IPG_DETAIL,INV_PROD_CODE_OVR,Inv Prod Code Ovr,GF_TS_PNP_IPG_PRODUCT,PRODUCTCODE,PRODUCTNAME
GF_TL_PNP_IPG_DETAIL,INV_PROG_CODE_OVR,Inv Prog Code Ovr,GF_TS_PNP_IPG_PROGRAM,PROGRAMCODE,PROGRAMNAME
GF_TL_PNP_IPG_DETAIL,INVESTOR_CODE,Inv Code,GF_TS_PNP_IPG_INVESTOR,INVESTORCODE,INVESTORNAME
GF_TL_PNP_IPG_DETAIL,PRICE_GROUP_CODE,Inv Price Code,GF_TS_PNP_IPG_PRICING,PRICING_GROUP_CODE,PRICING_GROUP_NAME
GF_TL_PNP_IPG_DETAIL,PRODUCT_CODE,Inv Product Code,GF_TS_PNP_IPG_PRODUCT,PRODUCTCODE,PRODUCTNAME
GF_TL_PNP_IPG_DETAIL,PROGRAM_CODE,Inv Program Code,GF_TS_PNP_IPG_PROGRAM,PROGRAMCODE,PROGRAMNAME
GF_TL_PNP_IPG_DETAIL,S_ASSUMABILITY_FEATURE,AssumFeatureCode,L_SYMBOL,AssumFeatureCode,ALIAS
GF_TL_PNP_IPG_DETAIL,S_AUS_IND,AUS Ind,L_SYMBOL,IPG_AUSIndicator,ALIAS
GF_TL_PNP_IPG_DETAIL,S_SPEC_PROG,IPG Special Program,L_SYMBOL,IPG Special Program,ALIAS
GF_TL_POINT_OF_SALE_INFO,PER_DIEM_CALC_BASIS,PerDiem Calc Basis,L_SYMBOL,PerDiem Calc Basis,ALIAS
GF_TL_POINT_OF_SALE_INFO,S_GFE_TIME_ZONE,GFE Time Zone,L_SYMBOL,GFE Time Zone,ALIAS
GF_TL_POINT_OF_SALE_INFO,S_LNSTATUS,Loan Status POS,L_SYMBOL,Loan Status POS,ALIAS
GF_TL_POINT_OF_SALE_INFO,S_REFSC,REFERRAL SOURCE,L_SYMBOL,REFERRAL SOURCE,ALIAS
GF_TL_PRODUCT_DEFINITION,S_BALL_CON_OPT_TYPE,Balloon Con Opt Type,L_SYMBOL,Balloon Con Opt Type,ALIAS
GF_TL_SECONDARY,S_POOL_STATUS,Pool Status,L_SYMBOL,Pool Status,ALIAS
GF_TL_SUBJPRP,DWELLING_FOUND_TYPE,Dwelling Fndtn Type,L_SYMBOL,Dwelling Fndtn Type,ALIAS
GF_TL_SUBJPRP,INDIANCTRYLANDTENOTH,IndianCtryLandTenOth,L_SYMBOL,IndianCtryLandTenOth,ALIAS
GF_TL_SUBJPRP,INDIANCTYLANDTENURE,IndianCtryLandTenure,L_SYMBOL,IndianCtryLandTenure,ALIAS
GF_TL_SUBJPRP,PARKING_FACILITY,Parking Facility,L_SYMBOL,Parking Facility,ALIAS
GF_TL_SUBJPRP,S_PROP_STATUS,Property Status,L_SYMBOL,Property Status,ALIAS
GF_TL_SUBJPRP,URLAINDIANCTRYLNDTNR,URLAIndianCtryLand,L_SYMBOL,URLAIndianCtryLand,ALIAS
GF_TL_SUBJPRP,WATERSOURCE,Water Source,L_SYMBOL,Water source,ALIAS
GF_TL_UW_1,S_EXCEPTSTAT,Exception Status,L_SYMBOL,Exception Status,ALIAS
GF_TL_UW_1,S_REASON,Target Reason,L_SYMBOL,Target Reason,ALIAS
GF_TL_UW_4,CREDIT_SCORE_IMPAIRMENT,Credit Score Impair,L_SYMBOL,Credit Score Impair,ALIAS
GF_TL_UW_4,CREDIT_SELECTION_METHOD,Credit Select Method,L_SYMBOL,Credit Select Method,ALIAS
GF_TL_UW_COND_IMAGES,S_IMAGE_STATUS,UWCondImageStatus,L_SYMBOL,UWCondImageStatus,ALIAS
GF_TL_UWAPPREXT,APP_DELIVERED_DATETYPE,AppraisalDelDateType,L_SYMBOL,AppraisalDelDateType,ALIAS
GF_TL_UWAPPREXT,S_CAR_STORAGE_TYPE,Car Storage Type,L_SYMBOL,Car Storage Type,ALIAS
GF_TL_UWAPPREXT,S_FLOODMAPZONE,Flood Map Zone,L_SYMBOL,Flood Map Zone,ALIAS
GF_TL_UWAPPREXT,S_FOUNDATION_TYPE,Foundation Type,L_SYMBOL,Foundation Type,ALIAS
GF_TL_UWAPPREXT,S_PROP_LOC_TYPE,Prop Location Type,L_SYMBOL,Prop Location Type,ALIAS
GF_TL_VOE,EMP_STATUS,Emp Status,L_SYMBOL,Emp Status,ALIAS
GF_TL_VOE,S_VOE_HOW_VERIFIED,VOE How Verified,L_SYMBOL,VOE How Verified,ALIAS
GF_TL_VOE,S_VOE_VERIF_ACTION,VOE Verification Act,L_SYMBOL,VOE Verification Act,ALIAS
GF_TLB_MAILING,S_MAIL_UNIT_TYPE,Bor Mailing Unit Typ,L_SYMBOL,Bor Mailing Unit Typ,ALIAS
GF_TLBR_ADDITIONALDATA,ETHINICITY,Borrower Ethnicity,L_SYMBOL,Borrower Ethnicity,ALIAS
GF_TLBR_ADDITIONALDATA,S_COUNSEL_CONFIRM_OTH,Counsel Confirm Oth,L_SYMBOL,Counsel Confirm Oth,ALIAS
GF_TLBR_ADDITIONALDATA,S_COUNSEL_CONFIRM_TYP,Counsel Confirm Typ,L_SYMBOL,Counsel Confirm Typ,ALIAS
GF_TLBR_ADDITIONALDATA,S_COUNSEL_FORMAT_TYP,Counsel Format Typ,L_SYMBOL,Counsel Format Typ,ALIAS
GF_TLBR_ADDITIONALDATA,S_CREDIT_TYPE,Borr Credit Rq Type,L_SYMBOL,Borr Credit Rq Type,ALIAS
GF_TLBR_ADDITIONALDATA,S_FIRSTTIMEHBCOUNSEL,1stTimeHBCounselType,L_SYMBOL,1stTimeHBCounselType,ALIAS
GF_TLBR_ADDITIONALDATA,S_LANGUAGEPREFERENCE,Language Preference,L_SYMBOL,Language Preference,ALIAS
GF_TLBR_ADDITIONALDATA,S_MLA_CREDIT_REPORT_STATUS,Credit Report Status,L_SYMBOL,Credit Report Status,ALIAS
GF_TLBR_ADDITIONALDATA,S_TITLE,Borrower Title,L_SYMBOL,Borrower Title,ALIAS
GF_TLBR_ALIAS,S_BORR_ALIAS,Bor Alias Type,L_SYMBOL,Bor Alias Type,ALIAS
GF_TLBR_ASSIST_PROGRAMS,S_ASSIST_PVDR_TYP,Assist. Provdr Type,L_SYMBOL,Assist. Provdr Type,ALIAS
GF_TLBR_ASSIST_PROGRAMS,S_ASSIST_TYPE,Assistance Type,L_SYMBOL,Assistance Type,ALIAS
GF_TLBR_BORROWERID,IDENTIFICATION_TYPE,Borrower ID Type,L_SYMBOL,Borrower ID Type,ALIAS
GF_TLBR_CREDIT_SCORE,MODEL_TYPE,Res Score Model Type,L_SYMBOL,Res Score Model Type,ALIAS
GF_TLBR_CREDIT_SCORE,REASON_TYPE,Res Score Exl Reason,L_SYMBOL,Res Score Exl Reason,ALIAS
GF_TLBR_CREDIT_SCORE,SOURCE_TYPE,Res Score Reps Type,L_SYMBOL,Res Score Reps Type,ALIAS
GF_TLBR_ETHNICITY,S_ETHNICITY,Borrower Ethnicity,L_SYMBOL,Borrower Ethnicity,ALIAS
GF_TLBR_MI_RES_BORROWER,PRINT_POSITION_TYPE,MI Bor Prnt Pos,L_SYMBOL,MI Bor Prnt Pos,ALIAS
GF_TLBR_RACE,S_RACE,Borrower Race,L_SYMBOL,Borrower Race,ALIAS
GF_TLBR_RAW_SCORES,CRDT_SC_EXCLU_REASON,Crdt Sc Exclu Reason,L_SYMBOL,Crdt Sc Exclu Reason,ALIAS
GF_TLBR_RAW_SCORES,CRDT_SC_MODEL_NAME,Crdt Sc Model Name,L_SYMBOL,Crdt Sc Model Name,ALIAS
GF_TLBR_RAW_SCORES,CREDIT_REP_SOURCE,Credit Rep Source,L_SYMBOL,Credit Rep Source,ALIAS
GF_TLBR_SUBETHNICITY,S_SUBETHNICITY,Borrower Sub Ethni,L_SYMBOL,Borrower Sub Ethni,ALIAS
GF_TLBR_SUBRACE,S_SUBRACE,Borrower Sub Race,L_SYMBOL,Borrower Sub Race,ALIAS
GF_TLR_CBC_APPRAISAL_REQ,REQSTATUS,CBCAPR ReqStat,L_SYMBOL,CBCAPR ReqStat,ALIAS
GF_TLR_CBC_APPRAISAL_REQ,REQTYPE,CBCAPR ReqType,L_SYMBOL,CBCAPR ReqType,ALIAS
GF_TLR_CREDIT_ERROR,SOURCE_TYPE,Res Err Source Type,L_SYMBOL,Res Err Source Type,ALIAS
GF_TLR_CREDIT_REPORT_PRICE,TYPE,Crdt Rprt Price Type,L_SYMBOL,Crdt Rprt Price Type,ALIAS
GF_TLR_CREDIT_RESPONSE,MERGE_TYPE,Crdt Rprt Merge Type,L_SYMBOL,Crdt Rprt Merge Type,ALIAS
GF_TLR_CREDIT_RESPONSE,RATEING_CODE_TYPE,Crdt Rprt Rating Ty,L_SYMBOL,Crdt Rprt Rating Ty,ALIAS
GF_TLR_CREDIT_RESPONSE,REPORT_TYPE,Credit Report Type,L_SYMBOL,Credit Report Type,ALIAS
GF_TLR_DISBURSEMENTS,ACH_ACCOUNT_TYPE,ACHAccountType,L_SYMBOL,ACHAccountType,ALIAS
GF_TLR_DISBURSEMENTS,ACH_DEBIT_OR_CREDIT,ACHDebitOrCredit,L_SYMBOL,ACHDebitOrCredit,ALIAS
GF_TLR_DISBURSEMENTS,S_FMETHOD,Disb Trans Method,L_SYMBOL,Disb Trans Method,ALIAS
GF_TLR_DISBURSEMENTS,S_FSTATUS,Disb Trans Status,L_SYMBOL,Disb Trans Status,ALIAS
GF_TLR_DISBURSEMENTS,S_TYPE,Disb Instance Type,L_SYMBOL,Disb Instance Type,ALIAS
GF_TLR_FLOOD_DETMN,NFIP_FLOOD_REV_TYPE,NFIP Flood Rev Type,L_SYMBOL,NFIP Flood Rev Type,ALIAS
GF_TLR_FLOOD_DETMN,NFIP_STATUS_TYPE,Flood NFIPStatusType,L_SYMBOL,Flood NFIPStatusType,ALIAS
GF_TLR_FLOOD_REQUEST,ACTIONTYPE,FloodReq Action Type,L_SYMBOL,FloodReq Action Type,ALIAS
GF_TLR_FLOOD_REQUEST,S_FLDDET,Fld Req Detrmn Type,L_SYMBOL,Fld Req Detrmn Type,ALIAS
GF_TLR_HOPE_PREV_LIEN,S_LOAN_PRODUCT_TYPE,HFH Loan ProductType,L_SYMBOL,HFH Loan ProductType,ALIAS
GF_TLR_HOPE_PREV_LIEN,S_MORT_PROVIDER_TYPE,HFH MortProviderType,L_SYMBOL,HFH MortProviderType,ALIAS
GF_TLR_HOPE_PREV_LIEN,S_SHARED_APPR,HFH Shared Apprec,L_SYMBOL,HFH Shared Apprec,ALIAS
GF_TLR_INSURANCE,COVG_RESOLUTION,Ins Covg Resolution,L_SYMBOL,Ins Covg Resolution,ALIAS
GF_TLR_INSURANCE,S_ESCINS,Escrow Ins Type,L_SYMBOL,Escrow Ins Type,ALIAS
GF_TLR_INSURANCE,S_INSTYPE,Insurance Type,L_SYMBOL,Insurance Type,ALIAS
GF_TLR_INSURANCE,SECURED_PARTY_INS,Secured Party Ins,L_SYMBOL,Secured Party Ins,ALIAS
GF_TLR_MI_APP_REQUEST,MI_CERTIFICATE_TYPE,MI Certificate Type,L_SYMBOL,MI Certificate Type,ALIAS
GF_TLR_MI_APP_REQUEST,MI_COVERAGE_PLAN_TYPE,MI Coverage Type,L_SYMBOL,MI Coverage Type,ALIAS
GF_TLR_MI_APP_REQUEST,MI_DURATION_TYPE,MI Duration Code,L_SYMBOL,MI Duration Code,ALIAS
GF_TLR_MI_APP_REQUEST,MI_INITIAL_PRM_AT_CLSNG_TYPE,MI Initial Prem Typ,L_SYMBOL,MI Initial Prem Typ,ALIAS
GF_TLR_MI_APP_REQUEST,MI_PREM_PAY_TYPE,MIPremiumPaymentType,L_SYMBOL,MIPremiumPaymentType,ALIAS
GF_TLR_MI_APP_REQUEST,MI_PREM_REFUND_TYPE,MIPremiumRefund Type,L_SYMBOL,MIPremiumRefund Type,ALIAS
GF_TLR_MI_APP_REQUEST,MI_PREMIUM_RATE_PLAN_TYPE,MIPrem Rate Plan Typ,L_SYMBOL,MIPrem Rate Plan Typ,ALIAS
GF_TLR_MI_APP_REQUEST,MI_REDUCED_LOAN_DOC_TYPE,MIReducedLoanDoc Typ,L_SYMBOL,MIReducedLoanDoc Typ,ALIAS
GF_TLR_MI_APP_REQUEST,MI_REQUEST_TYPE,MI Request Type,L_SYMBOL,MI Request Type,ALIAS
GF_TLR_MI_APP_REQUEST,MI_SUB_PRIME_PROG_TYPE,MISubPrimeProgramTyp,L_SYMBOL,MISubPrimeProgramTyp,ALIAS
GF_TLR_MI_APP_REQUEST,MIAPPLICATIONTYPE,MI Application Type,L_SYMBOL,MI Application Type,ALIAS
GF_TLR_MI_APP_REQUEST,RENEWAL_CALC_TYPE,MI Renewal Calc Type,L_SYMBOL,MI Renewal Calc Type,ALIAS
GF_TLR_MI_PREMIUM_TAX,CODE_TYPE,MIPremiumTaxCodeType,L_SYMBOL,MIPremiumTaxCodeType,ALIAS
GF_TLR_MI_RES_CONTACT_POINT,TYPE,MI Res Cntct Pnt Typ,L_SYMBOL,MI Res Cntct Pnt Typ,ALIAS
GF_TLR_MI_RESPONSE,MI_APPLICATION_TYPE,MIApplicationType,L_SYMBOL,MIApplicationType,ALIAS
GF_TLR_MI_RESPONSE,MI_CERTIFICATE_TYPE,MICertificateType,L_SYMBOL,MICertificateType,ALIAS
GF_TLR_MI_RESPONSE,MI_DECISION_TYPE,MIDecisionType,L_SYMBOL,MIDecisionType,ALIAS
GF_TLR_MI_RESPONSE,MI_DURATION_TYPE,MIDurationType,L_SYMBOL,MIDurationType,ALIAS
GF_TLR_MI_RESPONSE,MI_INITIAL_PREM_PAC_TYPE,MIInitPremPrpdatClTy,L_SYMBOL,MIInitPremPrpdatClTy,ALIAS
GF_TLR_MI_RESPONSE,MI_PREMIUM_PAYMENT_TYPE,MIPremiumPaymentType,L_SYMBOL,MIPremiumPaymentType,ALIAS
GF_TLR_MI_RESPONSE,MI_PREMIUM_RATE_PLAN_TYPE,MIPremiumRatePlanTyp,L_SYMBOL,MIPremiumRatePlanTyp,ALIAS
GF_TLR_MI_RESPONSE,MI_RENEWAL_CALCULATION_TYPE,MIRenewalCalculation,L_SYMBOL,MIRenewalCalculation,ALIAS
GF_TLR_PROSPECT,LEADSTAT,LeadStatus,L_SYMBOL,LeadStatus,ALIAS
GF_TLR_PROSPECT,PRIMTHCT,PrimaryMethContact,L_SYMBOL,PrimaryMethContact,ALIAS
GF_TLR_PROSPECT,ZONE,GFE Time Zone,L_SYMBOL,GFE Time Zone,ALIAS
GF_TLR_REG_O,S_EMP_REGO_TYPE,Emp Reg O Type,L_SYMBOL,Emp Reg O Type,ALIAS
GF_TLR_REQ_CREDIT_DATA,ACTION_TYPE,Req Credit Action Ty,L_SYMBOL,Req Credit Action Ty,ALIAS
GF_TLR_REQ_CREDIT_DATA,REPORT_TYPE,Req Cred Report Type,L_SYMBOL,Req Cred Report Type,ALIAS
GF_TLR_REQ_CREDIT_DATA,REQUEST_TYPE,Req Crd Request Type,L_SYMBOL,Req Crd Request Type,ALIAS
GF_TLR_REQ_CREDIT_INQRY_CMMNT,SOURCE_TYPE,Req Cred Inq Source,L_SYMBOL,Req Cred Inq Source,ALIAS
GF_TLR_REQ_CREDIT_INQUIRY,CREDIT_BUSINESS_TYPE,Req Cred Inq Bus Typ,L_SYMBOL,Req Cred Inq Bus Typ,ALIAS
GF_TLR_REQ_CREDIT_INQUIRY,INQUIRY_RESULT_TYPE,Req Cred Inq Reslt,L_SYMBOL,Req Cred Inq Reslt,ALIAS
GF_TLR_REQ_CREDIT_INQUIRY_REP,SOURCE_TYPE,Req Cred Inq Rep Src,L_SYMBOL,Req Cred Inq Rep Src,ALIAS
GF_TLR_REQ_CREDIT_INQUIRY_VER,STATUS_TYPE,Req Cred Inq Ver Typ,L_SYMBOL,Req Cred Inq Ver Typ,ALIAS
GF_TLR_REQ_CREDIT_LBLTY_CMMNT,SOURCE_TYPE,Req Cred Lia Source,L_SYMBOL,Req Cred Lia Source,ALIAS
GF_TLR_REQ_CREDIT_LIAB_REP,SOURCE_TYPE,Req Lia Reps Type,L_SYMBOL,Req Lia Reps Type,ALIAS
GF_TLR_REQ_CREDIT_LIABILITY,ACCOUNT_STATUS_TYPE,Req Lia Ststus Date,L_SYMBOL,Req Lia Ststus Date,ALIAS
GF_TLR_REQ_CREDIT_LIABILITY,ACCOUNT_TYPE,Req Lia Account Type,L_SYMBOL,Req Lia Account Type,ALIAS
GF_TLR_REQ_CREDIT_LIABILITY,CREDIT_BUSINESS_TYPE,Req Lia Crdt Bus Typ,L_SYMBOL,Req Lia Crdt Bus Typ,ALIAS
GF_TLR_REQ_CREDIT_LIABILITY,CREDIT_LOAN_TYPE,Req Lia Crdt Loan Ty,L_SYMBOL,Req Lia Crdt Loan Ty,ALIAS
GF_TLR_REQ_CREDIT_LIABILITY,CURRENT_RATING_TYPE,Req Lia Rateing Type,L_SYMBOL,Req Lia Rateing Type,ALIAS
GF_TLR_REQ_CREDIT_LIABILITY,OWNERSHIP_TYPE,Req Lia Ownership Ty,L_SYMBOL,Req Lia Ownership Ty,ALIAS
GF_TLR_REQ_CREDIT_LIABILITY,RECENT_ADVERSE_TYPE,Req Lia Rcnt Type,L_SYMBOL,Req Lia Rcnt Type,ALIAS
GF_TLR_REQ_CREDIT_LIABILITY,TERMS_SOURCE_TYPE,Req Lia Terms Src Ty,L_SYMBOL,Req Lia Terms Src Ty,ALIAS
GF_TLR_REQ_CREDIT_LIABILITY,VERIFY_STATUS_TYPE,Req Lia Ver Stat Typ,L_SYMBOL,Req Lia Ver Stat Typ,ALIAS
GF_TLR_REQ_CREDIT_PUBLC_CMMNT,SOURCE_TYPE,Req Cred Pub Source,L_SYMBOL,Req Cred Pub Source,ALIAS
GF_TLR_REQ_CREDIT_PUBLIC,BK_TYPE,Req Pub BK Type,L_SYMBOL,Req Pub BK Type,ALIAS
GF_TLR_REQ_CREDIT_PUBLIC,DESPOSITION_TYPE,Req Pub Dspstn Type,L_SYMBOL,Req Pub Dspstn Type,ALIAS
GF_TLR_REQ_CREDIT_PUBLIC,PAYMENT_FREQ_TYPE,Req Pub Pymnt Frq Ty,L_SYMBOL,Req Pub Pymnt Frq Ty,ALIAS
GF_TLR_REQ_CREDIT_PUBLIC,PUBLIC_REC_TYPE,Req Pub Rcrd Type,L_SYMBOL,Req Pub Rcrd Type,ALIAS
GF_TLR_REQ_CREDIT_PUBLIC,VER_STATUS_TYPE,Req Pub Ver Stts Typ,L_SYMBOL,Req Pub Ver Stts Typ,ALIAS
GF_TLR_REQ_CREDIT_PUBLIC_REP,SOURCE_TYPE,Req Pub Reps Type,L_SYMBOL,Req Pub Reps Type,ALIAS
GF_TLR_REQ_LIAB_CONTACT_POINT,CONTACT_TYPE,Req Lia Crd Cnt Type,L_SYMBOL,Req Lia Crd Cnt Type,ALIAS
GF_TLR_REQ_LIAB_CONTACT_POINT,ROLE_TYPE,Req Lia Crd Cnt Role,L_SYMBOL,Req Lia Crd Cnt Role,ALIAS
GF_TLR_REQ_LIAB_PRIOR_ADV,TYPE,Req Lia Pri Adv Type,L_SYMBOL,Req Lia Pri Adv Type,ALIAS
GF_TLR_REQ_SCORE_MODEL,MODEL_TYPE,Req Score Model Type,L_SYMBOL,Req Score Model Type,ALIAS
GF_TLR_RES_BORROWER,MARTIAL_STATUS_TYPE,Res Brwr Marital Typ,L_SYMBOL,Res Brwr Marital Typ,ALIAS
GF_TLR_RES_BORROWER,PRINT_POSITION_TYPE,Res Brwr Print Pos,L_SYMBOL,Res Brwr Print Pos,ALIAS
GF_TLR_RES_BUREAU_CONTACT_PNT,CONTACT_TYPE,Req Lia Crd Cnt Type,L_SYMBOL,Req Lia Crd Cnt Type,ALIAS
GF_TLR_RES_BUREAU_CONTACT_PNT,ROLE_TYPE,Req Lia Crd Cnt Role,L_SYMBOL,Req Lia Crd Cnt Role,ALIAS
GF_TLR_RES_CREDIT_DATA,ACTION_TYPE,Res Credit Action Ty,L_SYMBOL,Res Credit Action Ty,ALIAS
GF_TLR_RES_CREDIT_DATA,REPORT_TYPE,Res Cred Report Type,L_SYMBOL,Res Cred Report Type,ALIAS
GF_TLR_RES_CREDIT_DATA,REQUEST_TYPE,Res Crd Request Type,L_SYMBOL,Res Crd Request Type,ALIAS
GF_TLR_RES_CREDIT_FILE,S_RESULTSTATUSTYPE,CF_ResultStatusType,L_SYMBOL,CF_ResultStatusType,ALIAS
GF_TLR_RES_CREDIT_FILE_ALRT,S_CATAGORYTYPE,CFA_CatagoryType,L_SYMBOL,CFA_CatagoryType,ALIAS
GF_TLR_RES_CREDIT_INQRY_CMNT,SOURCE_TYPE,Res Cred Inq Source,L_SYMBOL,Res Cred Inq Source,ALIAS
GF_TLR_RES_CREDIT_INQUIRY,CREDIT_BUSINESS_TYPE,Res Cred Inq Bus Typ,L_SYMBOL,Res Cred Inq Bus Typ,ALIAS
GF_TLR_RES_CREDIT_INQUIRY,INQUIRY_RESULT_TYPE,Res Cred Inq Reslt,L_SYMBOL,Res Cred Inq Reslt,ALIAS
GF_TLR_RES_CREDIT_INQUIRY_REP,SOURCE_TYPE,Res Cred Inq Rep Src,L_SYMBOL,Res Cred Inq Rep Src,ALIAS
GF_TLR_RES_CREDIT_INQUIRY_VER,STATUS_TYPE,res Cred Inq Ver Typ,L_SYMBOL,res Cred Inq Ver Typ,ALIAS
GF_TLR_RES_CREDIT_LBLTY_CMNT,SOURCE_TYPE,Res Cred Lia Source,L_SYMBOL,Res Cred Lia Source,ALIAS
GF_TLR_RES_CREDIT_LIAB_REP,SOURCE_TYPE,Res Lia Reps Type,L_SYMBOL,Res Lia Reps Type,ALIAS
GF_TLR_RES_CREDIT_LIABILITY,ACCOUNT_STATUS_TYPE,res Lia Ststus Date,L_SYMBOL,res Lia Ststus Date,ALIAS
GF_TLR_RES_CREDIT_LIABILITY,ACCOUNT_TYPE,res Lia Account Type,L_SYMBOL,res Lia Account Type,ALIAS
GF_TLR_RES_CREDIT_LIABILITY,CREDIT_BUSINESS_TYPE,res Lia Crdt Bus Typ,L_SYMBOL,res Lia Crdt Bus Typ,ALIAS
GF_TLR_RES_CREDIT_LIABILITY,CREDIT_LOAN_TYPE,res Lia Crdt Loan Ty,L_SYMBOL,res Lia Crdt Loan Ty,ALIAS
GF_TLR_RES_CREDIT_LIABILITY,CURRENT_RATING_TYPE,res Lia Rateing Type,L_SYMBOL,res Lia Rateing Type,ALIAS
GF_TLR_RES_CREDIT_LIABILITY,HIGHEST_ADVERSE_TYPE,res Lia Highest Type,L_SYMBOL,res Lia Highest Type,ALIAS
GF_TLR_RES_CREDIT_LIABILITY,OWNERSHIP_TYPE,res Lia Ownership Ty,L_SYMBOL,res Lia Ownership Ty,ALIAS
GF_TLR_RES_CREDIT_LIABILITY,RECENT_ADVERSE_TYPE,res Lia Rcnt Type,L_SYMBOL,res Lia Rcnt Type,ALIAS
GF_TLR_RES_CREDIT_LIABILITY,TERMS_SOURCE_TYPE,res Lia Terms Src Ty,L_SYMBOL,res Lia Terms Src Ty,ALIAS
GF_TLR_RES_CREDIT_LIABILITY,VERIFY_STATUS_TYPE,res Lia Ver Stat Typ,L_SYMBOL,res Lia Ver Stat Typ,ALIAS
GF_TLR_RES_CREDIT_PBLC_CMNT,SOURCE_TYPE,Res Cred Pub Source,L_SYMBOL,Res Cred Pub Source,ALIAS
GF_TLR_RES_CREDIT_PUBLIC,BK_TYPE,Res Pub BK Type,L_SYMBOL,Res Pub BK Type,ALIAS
GF_TLR_RES_CREDIT_PUBLIC,DESPOSITION_TYPE,Res Pub Dspstn Type,L_SYMBOL,Res Pub Dspstn Type,ALIAS
GF_TLR_RES_CREDIT_PUBLIC,PAYMENT_FREQ_TYPE,Res Pub Pymnt Frq Ty,L_SYMBOL,Res Pub Pymnt Frq Ty,ALIAS
GF_TLR_RES_CREDIT_PUBLIC,PUBLIC_REC_TYPE,Res Pub Rcrd Type,L_SYMBOL,Res Pub Rcrd Type,ALIAS
GF_TLR_RES_CREDIT_PUBLIC,VER_STATUS_TYPE,Res Pub Ver Stts Typ,L_SYMBOL,Res Pub Ver Stts Typ,ALIAS
GF_TLR_RES_CREDIT_PUBLIC_REP,SOURCE_TYPE,Res Pub Reps Type,L_SYMBOL,Res Pub Reps Type,ALIAS
GF_TLR_RES_FLD_FC_PNT,CONTACT_TYPE,FloodRes FulCnt Type,L_SYMBOL,FloodRes FulCnt Type,ALIAS
GF_TLR_RES_FLD_FC_PNT,ROLE_TYPE,FloodRes FulCnt Role,L_SYMBOL,FloodRes FulCnt Role,ALIAS
GF_TLR_RES_FLOOD_PROP,PROP_LEGAL_DES_TYPE,Prop Legal Des Type,L_SYMBOL,Prop Legal Des Type,ALIAS
GF_TLR_RES_FLOOD_PROP,PROP_TITLE_CAT_TYPE,Prop Title Cat Type,L_SYMBOL,Prop Title Cat Type,ALIAS
GF_TLR_RES_LANDLORD,VERIFY_STATUS_TYPE,Res Lndlrd Ver Stat,L_SYMBOL,Res Lndlrd Ver Stat,ALIAS
GF_TLR_RES_LANDLORD_CNTCT_PNT,CONTACT_TYPE,Res Lndlrd Cnt Type,L_SYMBOL,Res Lndlrd Cnt Type,ALIAS
GF_TLR_RES_LANDLORD_CNTCT_PNT,ROLE_TYPE,Res Lndlrd Cnt Role,L_SYMBOL,Res Lndlrd Cnt Role,ALIAS
GF_TLR_RES_LIAB_CONTACT_POINT,CONTACT_TYPE,Res Lia Crd Cnt Type,L_SYMBOL,Res Lia Crd Cnt Type,ALIAS
GF_TLR_RES_LIAB_CONTACT_POINT,ROLE_TYPE,Res Lia Crd Cnt Role,L_SYMBOL,Res Lia Crd Cnt Role,ALIAS
GF_TLR_RES_LIAB_PRIOR_ADV,TYPE,Res Lia Pri Adv Type,L_SYMBOL,Res Lia Pri Adv Type,ALIAS
GF_TLR_RES_REQ_PARTY_CNTCT_PNT,CONTACT_TYPE,Res Req Prt Cnt Type,L_SYMBOL,Res Req Prt Cnt Type,ALIAS
GF_TLR_RES_REQ_PARTY_CNTCT_PNT,ROLE_TYPE,Res Req Prty Cnt Rol,L_SYMBOL,Res Req Prty Cnt Rol,ALIAS
GF_TLR_RES_RESIDENCE,RENT_RATING_TYPE,Res Brwr Rnt Rtng Ty,L_SYMBOL,Res Brwr Rnt Rtng Ty,ALIAS
GF_TLR_RES_RESIDENCE,RESIDENCY_BASIS_TYPE,Res Brwr Residency T,L_SYMBOL,Res Brwr Residency T,ALIAS
GF_TLR_RES_RESIDENCE,RESIDENCY_TYPE,Res Brwr Rsdn Type,L_SYMBOL,Res Brwr Rsdn Type,ALIAS
GF_TLR_RES_SCORE_MODEL,MODEL_TYPE,Res Score Model Type,L_SYMBOL,Res Score Model Type,ALIAS
GF_TLR_RSP_LP_LOANFDBCK,S_CRWELIGIBILITYTYPE,CRandWRelifeStaus,L_SYMBOL,CRandWRelifeStaus,ALIAS
GF_TLR_SERVICE_PAYMENT,PAYMENT_METHOD_TYPE,Req Paymnt Meth Type,L_SYMBOL,Req Paymnt Meth Type,ALIAS
GF_TLR_TAXITEMS,S_ESCTAX,Escrow Tax Type,L_SYMBOL,Escrow Tax Type,ALIAS
GF_TLR_TAXITEMS,S_TAXTYPE,Tax Type,L_SYMBOL,Tax Type,ALIAS
GF_TLR_TAXITEMS,SFREQUENCY,Tax Frequency,L_SYMBOL,Tax Frequency,ALIAS
GF_TLR_TITLE_ENDORSEMENT,S_TTLEND_INFO,Ttl Endorsement Info,L_SYMBOL,Ttl Endorsement Info,ALIAS
GF_TLR_TITLE_ENDORSEMENT,TTLEND_SOURCE_TYPE,teSourceType,L_SYMBOL,teSourceType,ALIAS
GF_TLR_TL_FUL_CNTS,S_TYPE,FullfillmentConType,L_SYMBOL,FullfillmentConType,ALIAS
GF_TRACKING,S_ITEM,Tracking_Item,L_SYMBOL,Tracking_Item,ALIAS
GF_TRACKING,S_STATUS,Tracking_Status,L_SYMBOL,Tracking_Status,ALIAS
GF_TS_ASSIST_PROGRAMS,S_AP_ASSIST_TYPE,AP Assist Type,L_SYMBOL,AP Assist Type,ALIAS
GF_TS_ASSIST_PROGRAMS,S_AP_RATE_TYPE,AP Rate Type,L_SYMBOL,AP Rate Type,ALIAS
GF_TS_CMS_ACCNTING,S_CLOSTYPE,CMS Closing Type,L_SYMBOL,CMS Closing Type,ALIAS
GF_TS_CMS_ACCNTING,S_SELLCL,CMS Sell Cls Ln Stat,L_SYMBOL,CMS Sell Cls Ln Stat,ALIAS
GF_TS_CMS_APPROVAL,S_APRV_LEVEL,CMS Aprv Level,L_SYMBOL,CMS Aprv Level,ALIAS
GF_TS_CMS_APPROVAL,S_APRV_STATUS,CMS Aprv Status,L_SYMBOL,CMS Aprv Status,ALIAS
GF_TS_CMS_APPROVAL,S_EOGENDER,CMS Aprv EO Gender,L_SYMBOL,CMS Aprv EO Gender,ALIAS
GF_TS_CMS_APPROVAL,S_EORACE,CMS Aprv EO Race,L_SYMBOL,CMS Aprv EO Race,ALIAS
GF_TS_CMS_APPROVAL_DTL,S_APPRSTAT,CMS Apv Aprvl Status,L_SYMBOL,CMS Apv Aprvl Status,ALIAS
GF_TS_CMS_BROKER,S_BRKTYP,CMS Broker Type,L_SYMBOL,CMS Broker Type,ALIAS
GF_TS_CMS_BROKER,S_ENTITY_TYPE,Broker Entity Type,L_SYMBOL,Broker Entity Type,ALIAS
GF_TS_CMS_BROKER,S_OWNERSHIP,CMS Ownership,L_SYMBOL,CMS Ownership,ALIAS
GF_TS_CMS_BROKER,S_RTSHT,CMS Rate Sheet,L_SYMBOL,CMS Rate Sheet,ALIAS
GF_TS_CMS_CONTACT_ADDRESS,S_ADDRTYPE,CMSAddressType,L_SYMBOL,CMSAddressType,ALIAS
GF_TS_CMS_CONTACT_ADDRESS,S_CMSADR_UNIT_TYPE,CMSADR Unit Type,L_SYMBOL,CMSADR Unit Type,ALIAS
GF_TS_CMS_CONTACT_EMAIL,S_EMAILTYPE,CMSEmailType,L_SYMBOL,CMSEmailType,ALIAS
GF_TS_CMS_CONTACT_INFO,S_CMSSTATUS,CMSStatus,L_SYMBOL,CMSStatus,ALIAS
GF_TS_CMS_CONTACT_INFO,S_TITLE,CMSTitle,L_SYMBOL,CMSTitle,ALIAS
GF_TS_CMS_CONTACT_PHONE,S_PHONETYPE,CMSPhoneType,L_SYMBOL,CMSPhoneType,ALIAS
GF_TS_CMS_CONTACT_URL,S_URLTYPE,CMSURLType,L_SYMBOL,CMSURLType,ALIAS
GF_TS_CMS_COST_CENTERS,S_COST_CENTER,CMS Cost Ctr Type,L_SYMBOL,CMS Cost Ctr Type,ALIAS
GF_TS_CMS_INFOBYTYPE,S_GRADE,CMS Info Grade,L_SYMBOL,CMS Info Grade,ALIAS
GF_TS_CMS_INFOBYTYPE,S_STATUS,CMS Status by Type,L_SYMBOL,CMS Status by Type,ALIAS
GF_TS_CMS_INFOBYTYPE,S_TYPE_OF_COMPANY,CMS Type of Company,L_SYMBOL,CMS Type of Company,ALIAS
GF_TS_CMS_LENDER,LENDERSTCODE,LenderStCode,L_SYMBOL,LenderStCode,ALIAS
GF_TS_CMS_LENDING_GUIDES,S_GUIDELINE_TYPE,CSG Guide Type,L_SYMBOL,CSG Guide Type,ALIAS
GF_TS_CMS_MONITOR,S_MONSTATUS,Monstat Status,L_SYMBOL,Monstat Status,ALIAS
GF_TS_CMS_ORG_DATA,S_BRANCH_TYPE,CMS Branch Type,L_SYMBOL,CMS Branch Type,ALIAS
GF_TS_CMS_REGION_PRICE_DATA,S_PRICING_REGION_C,CMS Reg PricingReg C,L_SYMBOL,CMS Reg PricingReg C,ALIAS
GF_TS_CMS_REGION_PRICE_DATA,S_PRICING_TIER_C,CMS Reg PricingTierC,L_SYMBOL,CMS Reg PricingTierC,ALIAS
GF_TS_CMS_REMARKS,S_REMCATEGORY,CMS Remarks Category,L_SYMBOL,CMS Remarks Category,ALIAS
GF_TS_CMS_REMARKS,S_REMTYPE,CMS Remarks Type,L_SYMBOL,CMS Remarks Type,ALIAS
GF_TS_CMS_STSLICNS,S_CLSCD,Class Code,L_SYMBOL,Class Code,ALIAS
GF_TS_CMS_STSLICNS,S_STAT,Stlic Status,L_SYMBOL,Stlic Status,ALIAS
GF_TS_CMS_WHLINE,S_WHL_STATUS,CWH Line Status,L_SYMBOL,CWH Line Status,ALIAS
GF_TS_CMS_WIREINFO,S_ACCTSTAT,CMS Wire Acct Stat,L_SYMBOL,CMS Wire Acct Stat,ALIAS
GF_TS_COMMITMENT,LOAN_TYP,Loan Type,L_SYMBOL,Loan Type,ALIAS
GF_TS_LMS_LEAD_INFO,S_MKT_CAMPAIGN,Lead Market Campaign,L_SYMBOL,Lead Market Campaign,ALIAS
GF_TS_MESSAGE,S_MSGTYPE,Message Type,L_SYMBOL,Message Type,ALIAS
GF_TS_MESSAGE,S_RECIPIENTTYPE,Recipient Type,L_SYMBOL,Recipient Type,ALIAS
GF_TS_RATE_SUBSIDY_INFO,S_BUSCHNL,Business Channel,L_SYMBOL,Business Channel,ALIAS
GF_TS_WF_GROUP_USER,S_USER_TYPE,WF GU User Type,L_SYMBOL,WF GU User Type,ALIAS
GF_TS_WF_PROC_GROUP,S_DIST_METHOD,WF PG Dist Method,L_SYMBOL,WF PG Dist Method,ALIAS
GF_TS_WF_PROC_GROUP,S_GROUP_TYPE,WFS GROUP TYPE,L_SYMBOL,WFS GROUP TYPE,ALIAS
GF_TS_WF_USER_SCHED_EXCP,S_EXCEPTION_TYPE,WF USE Excp Type,L_SYMBOL,WF USE Excp Type,ALIAS
GF_TSR_PNP_IPG_BASE,S_ASSUMABILITY_FEATURE,AssumFeatureCode,L_SYMBOL,AssumFeatureCode,ALIAS
GF_TSR_PNP_IPG_BASE,S_CONST_PROGRAM,ConstProgram,L_SYMBOL,ConstProgram,ALIAS
GF_TSR_PNP_IPG_BASE_SLR,S_LIMIT_TYPE,IPGS Limit Type,L_SYMBOL,IPGS Limit Type,ALIAS
GIFT,S_GIFTSOURCETYPE,Gift Source Type,L_SYMBOL,Gift Source Type,ALIAS
GIFT,S_TYPE,Gift Type,L_SYMBOL,Gift Type,ALIAS
HELOC,S_FUNDS_TO_BE_DRAWN,Fnds_ToBe_DrwnBy,L_SYMBOL,Fnds_ToBe_DrwnBy,ALIAS
HELOC,S_LOCTYPE,Line Of Credit Type,L_SYMBOL,Line Of Credit Type,ALIAS
HELOC,S_REPAYMENT_METHOD,HeRepaymentMethod,L_SYMBOL,HeRepaymentMethod,ALIAS
HELOC2,S_RTC_TYPE,HELOC RTC Type,L_SYMBOL,HELOC RTC Type,ALIAS
HMDAINFO,REPORTABLEYROVR,HMDA Report Override,L_SYMBOL,HMDA Report Override,ALIAS
HMDAXPRT,S_CUSTOMQRY,Custom Filter Name,L_SYMBOL,Custom Filter Name,ALIAS
HUD54111,S_ENDORAUTH,Endorsement Auth,L_SYMBOL,Endorsement Auth,ALIAS
HUD54111,S_ENDORSEMENT,Endorsement Status,L_SYMBOL,Endorsement Status,ALIAS
HUD54111,S_FHA_PROGRAMID,FHA Program ID,L_SYMBOL,FHA Program ID,ALIAS
IMPRVMTS,IMPDES,Imprv Description,L_SYMBOL,Imprv Description,ALIAS
INCOME,S_INCOME,Income Type,L_SYMBOL,Income Type,ALIAS
INCOME,S_JOB_TYPE,Type of Job,L_SYMBOL,Type of Job,ALIAS
INCOME,S_PAYPER,Income Period,L_SYMBOL,Income Period,ALIAS
Income,S_SELFEMPTYPE,SelfEmpType,L_SYMBOL,SelfEmpType,ALIAS
INCOME,S_SPECBOREMPRELTYPE,SpecialBorEmpRel,L_SYMBOL,SpecialBorEmpRel,ALIAS
INCOME,VERIFICATION_TYPE,Verification Type,L_SYMBOL,Verification Type,ALIAS
LIABLTY,DEBT_VERIFI_TYPE,Debt Verifi Type,L_SYMBOL,Debt Verifi Type,ALIAS
LIABLTY,OWNERSHP_TYPE,res Lia Ownership Ty,L_SYMBOL,res Lia Ownership Ty,ALIAS
LIABLTY,REFIN_SERV_SYS,Refi Servicing Sys,L_SYMBOL,Refi Servicing Sys,ALIAS
LIABLTY,S_ACCOUNT_OWNERSHIP,LiabAcctOwnership,L_SYMBOL,LiabAcctOwnership,ALIAS
LIABLTY,S_CREDIT_CARD_TYPE,Credit Card Type,L_SYMBOL,Credit Card Type,ALIAS
LIABLTY,S_EXCLUSION_REASON,Debt Excluded Reason,L_SYMBOL,Debt Excluded Reason,ALIAS
LIABLTY,S_LIAB,Debt Type,L_SYMBOL,Debt Type,ALIAS
LIABLTY,S_LIABILITYDISBTYPE,Liability Disb Type,L_SYMBOL,Liability Disb Type,ALIAS
LIABLTY,S_LIENPS,Debt Lien Position,L_SYMBOL,Debt Lien Position,ALIAS
LIABLTY,S_MTG_TYPE,Debt Mortgage Type,L_SYMBOL,Debt Mortgage Type,ALIAS
LIABLTY,S_PAYPER,Debt Period,L_SYMBOL,Debt Period,ALIAS
LN_CATSTAT,S_CATSTAT,Category Status,L_SYMBOL,Category Status,ALIAS
LN_TRKDOC,S_DOC_RESP_PRTY,Responsible Party,L_SYMBOL,Responsible Party,ALIAS
LN_TRKDOCH,RESPARTY,Responsible Party,L_SYMBOL,Responsible Party,ALIAS
LN_TRKDOCH,S_DOCLOCATION,Document Location,L_SYMBOL,Document Location,ALIAS
LN_TRKDOCH,S_DOCSTATUS,Document Status,L_SYMBOL,Document Status,ALIAS
LOANQUEUE,PPPTYPE,Prepay Penalty Type,L_SYMBOL,Prepay Penalty Type,ALIAS
LOANQUEUE,QUALCODE,Program,L_SYMBOL,Program,ALIAS
LOANQUEUE,S_LIENPO,Lien Position,L_SYMBOL,Lien Position,ALIAS
LOANQUEUE,S_MICODE,MI Code,L_SYMBOL,MI Code,ALIAS
LOANQUEUE,S_PROD,Loan Type,L_SYMBOL,Loan Type,ALIAS
LOANQUEUE,S_PRPTYP,Property,L_SYMBOL,Property,ALIAS
LOANQUEUE,S_PURP,Purpose,L_SYMBOL,Purpose,ALIAS
LOANQUEUE,S_RESTYP,Occupancy,L_SYMBOL,Occupancy,ALIAS
LOANSERVC,S_INV_REMIT_TYPE,Inv Remittance Type,L_SYMBOL,Inv Remittance Type,ALIAS
LOWMOD,PRODUCT,DU Comm Lend Product,L_SYMBOL,DU Comm Lend Product,ALIAS
LOWMOD,S_COMMSEC,DU4 Comm Sec. Struct,L_SYMBOL,DU4 Comm Sec. Struct,ALIAS
LOWMOD,S_COUNSEL_INDICATOR,CounselIndicator,L_SYMBOL,CounselIndicator,ALIAS
LP2_INFO,S_CREDITCOMPANY,LP Merged Cred Cmpny,L_SYMBOL,LP Merged Cred Cmpny,ALIAS
LP2_INFO,S_PRP_METHOD,UW Prop Val Mth Type,L_SYMBOL,UW Prop Val Mth Type,ALIAS
LP2_INFO,S_PRPMETHODESC,Prop Val Mt Othr Des,L_SYMBOL,Prop Val Mt Othr Des,ALIAS
LP2_INFO,S_TECHAFFILIATE,Technical Affiliate,L_SYMBOL,Technical Affiliate,ALIAS
LP2E_FMDEF,FMDEF16,LP2 Loan Def4 Option,L_SYMBOL,LP2 Loan Def4 Option,ALIAS
LP2E_LOAN,S_AFFPRD,Affordable Product,L_SYMBOL,Affordable Product,ALIAS
LP2E_LOAN,S_BYDWNC,Buydown Contributor,L_SYMBOL,Buydown Contributor,ALIAS
LPLNSPEC,S_BLDST,Building Status Type,L_SYMBOL,Building Status Type,ALIAS
MAILING,MAILCOUNTRY,Mailing Country,L_SYMBOL,Mailing Country,ALIAS
MANPRP,S_CONDITION,Mfg Condition,L_SYMBOL,Mfg Condition,ALIAS
MANPRP,S_CONV_STATUS,Conv Status,L_SYMBOL,Conv Status,ALIAS
MANPRP,S_LOT_OWN_TYPE,Lot Own Type,L_SYMBOL,Lot Own Type,ALIAS
MANPRP,S_SECURED_PROPTYPE,Secured Prop Type,L_SYMBOL,Secured Prop Type,ALIAS
MCAWINFO,S_BLDSTA,MCAW Building Status,L_SYMBOL,MCAW Building Status,ALIAS
MCAWINFO,S_IDENTITY,Identity Exception,L_SYMBOL,Identity Exception,ALIAS
MI_RENEWAL_PREMIUM,SEQUENCE_TYPE,MIRenewalPremiumSeq,L_SYMBOL,MIRenewalPremiumSeq,ALIAS
MIDATA,CERTTYPE,MI Certificate Type,L_SYMBOL,MI Certificate Type,ALIAS
MIDATA,COVERTYPE,MI Coverage Type,L_SYMBOL,MI Coverage Type,ALIAS
MIDATA,DURACODE,MI Duration Code,L_SYMBOL,MI Duration Code,ALIAS
MIDATA,RENEWAL_CALC_TYPE,MI Renewal Calc Type,L_SYMBOL,MI Renewal Calc Type,ALIAS
MIDATA,S_MI_PREMIUM_AT_CLOSING_TYP,MI Initial Prem Typ,L_SYMBOL,MI Initial Prem Typ,ALIAS
MIDATA,S_MI_RATE_PLAN_TYPE,MIRatePlanTyp,L_SYMBOL,MIRatePlanTyp,ALIAS
MIDATA,S_MIAPPTYPE,MI Application Type,L_SYMBOL,MI Application Type,ALIAS
MIDATA,S_MICODE,MI Code,L_SYMBOL,MI Code,ALIAS
MIDATA,S_MIPREM_REFUND_TYPE,MIPremiumRefund Type,L_SYMBOL,MIPremiumRefund Type,ALIAS
MIDATA,S_MIPRMS,MI Premium Source,L_SYMBOL,MI Premium Source,ALIAS
MIDATA,S_MISTRM,MI Stream,L_SYMBOL,MI Stream,ALIAS
PREVRES,S_LIVE_RENT_FREE_ENUMS,PrevLivRentFreeEnums,L_SYMBOL,PrevLivRentFreeEnums,ALIAS
PREVRES,S_OWNRNT,BA Own Rights,L_SYMBOL,BA Own Rights,ALIAS
PREVRES,S_RES_UNIT_TYPE,Previous Unit Type,L_SYMBOL,Previous Unit Type,ALIAS
PRODUCT,S_203KTYPE,203K Type,L_SYMBOL,203K Type,ALIAS
PRODUCT,S_AMORT_SUB_TYPE,Amortization SubType,L_SYMBOL,Amortization SubType,ALIAS
PRODUCT,S_AMTYPE,Amortization Type,L_SYMBOL,Amortization Type,ALIAS
PRODUCT,S_BALLOON_TYPE,Balloon Type,L_SYMBOL,Balloon Type,ALIAS
PRODUCT,S_BYDOWN,Buydown,L_SYMBOL,Buydown,ALIAS
PRODUCT,S_LCKTYP,Lock Type,L_SYMBOL,Lock Type,ALIAS
PRODUCT,S_LTYPE,Loan Type,L_SYMBOL,Loan Type,ALIAS
PRODUCT,S_MIPLAN,MI Plan,L_SYMBOL,MI Plan,ALIAS
PRODUCT,S_MORTGAGETYPE,Mortgage Type,L_SYMBOL,Mortgage Type,ALIAS
PRODUCT,S_PMTSTR,Payment Stream,L_SYMBOL,Payment Stream,ALIAS
PRODUCT,S_PPY_FILTER,PPY Filter,L_SYMBOL,PPY Filter,ALIAS
PRODUCT,S_PRICING_CHANNEL,Pricing Channel,L_SYMBOL,Pricing Channel,ALIAS
PRODUCT,S_PROD,Product,L_SYMBOL,Product,ALIAS
PRODUCT,S_PROD_PRICE_ENGINE,Prod Pricing Engine,L_SYMBOL,Prod Pricing Engine,ALIAS
PRODUCT,S_PROD_PRICE_ENGINE_OVR,ProdPrice Engine Ovr,L_SYMBOL,ProdPrice Engine Ovr,ALIAS
PRODUCT,S_PROGRM,Program,L_SYMBOL,Program,ALIAS
PRODUCT,S_QRATE,QR Description,L_SYMBOL,QR Description,ALIAS
PRODUCT,S_QUALMETHODOVR,Qualify Method Ovr,L_SYMBOL,Qualify Method Ovr,ALIAS
PRODUCT,S_RATIO,Ratios,L_SYMBOL,Ratios,ALIAS
REOWNED,S_ACCOUNT_OWNERSHIP,REOAccountOwnership,L_SYMBOL,REOAccountOwnership,ALIAS
REOWNED,S_ONRSHP,RE Own Rights,L_SYMBOL,RE Own Rights,ALIAS
REOWNED,S_REO_CURR_PROP_USAGE,REO Curr Prop Usage,L_SYMBOL,REO Curr Prop Usage,ALIAS
REOWNED,S_REO_INTEND_OCCUPANCY,REO Intend Occupancy,L_SYMBOL,REO Intend Occupancy,ALIAS
REOWNED,S_REOPST,REO Status,L_SYMBOL,REO Status,ALIAS
REOWNED,S_REOTYP,REO Type,L_SYMBOL,REO Type,ALIAS
REOWNED,UNITTYPEREO,REO Unit Type,L_SYMBOL,REO Unit Type,ALIAS
REOWNED,VERIF_DEBT_TYPE,REODebtVerifyType,L_SYMBOL,REODebtVerifyType,ALIAS
REOWNED,VERIF_INCOME_TYPE,REOIncomeVerifyType,L_SYMBOL,REOIncomeVerifyType,ALIAS
SELLER,S_BOR_SELLER_OPTION,BorSellerOptn,L_SYMBOL,BorSellerOptn,ALIAS
SELLER,S_IDENTIFICATION_TYPE,Seller ID Type,L_SYMBOL,Seller ID Type,ALIAS
SELLER,S_SEL_UNIT_TYPE,Seller Unit Type,L_SYMBOL,Seller Unit Type,ALIAS
SELLR_REPRESEN_INFO,S_SLR_CAP_TYPE,SlrRepCapType,L_SYMBOL,SlrRepCapType,ALIAS
SELLR_REPRESEN_INFO,S_SLR_ENTY_TYPE,SlrRepEntyType,L_SYMBOL,SlrRepEntyType,ALIAS
SERVICNG,S_SERVICING_STATUS,ServicingStatus,L_SYMBOL,ServicingStatus,ALIAS
SERVICNG,SERVICING_TYPE,Servicing Type,L_SYMBOL,Servicing Type,ALIAS
STSLICNS,S_CLSCD,Class Code,L_SYMBOL,Class Code,ALIAS
STSPECFC,WI_TAX_OPTION,WI Tax Option Code,L_SYMBOL,WI Tax Option Code,ALIAS
SUBJPRP,PROP_TITLE_CATEGORY_TYPE,LN Prop Title Type,L_SYMBOL,LN Prop Title Type,ALIAS
SUBJPRP,RENTINC_VERIFY_TYPE,RentalVerifyType,L_SYMBOL,RentalVerifyType,ALIAS
SUBJPRP,S_APPRMTHDREQ,ApprMethodReqrd,L_SYMBOL,ApprMethodReqrd,ALIAS
SUBJPRP,S_ATTACHMENT_TYPE,Attachment Type,L_SYMBOL,Attachment Type,ALIAS
SUBJPRP,S_CATEGORYTYPE,CategoryType,L_SYMBOL,CategoryType,ALIAS
SUBJPRP,S_CONDO_PROJECT_STATUS,Condo Project Status,L_SYMBOL,Condo Project Status,ALIAS
SUBJPRP,S_DPAYMT,Down Payment Type,L_SYMBOL,Down Payment Type,ALIAS
SUBJPRP,S_DPAYMTNM,Down Payment Type NM,L_SYMBOL,Down Payment Type NM,ALIAS
SUBJPRP,S_FNMPRJCLS,FNMProject Class,L_SYMBOL,FNMProject Class,ALIAS
SUBJPRP,S_FREPRJCLS,FREProject Class,L_SYMBOL,FREProject Class,ALIAS
SUBJPRP,S_LIENHO,Lien Holder,L_SYMBOL,Lien Holder,ALIAS
SUBJPRP,S_LIENPO,Lien Position,L_SYMBOL,Lien Position,ALIAS
SUBJPRP,S_NATIVEAMERICANLANDSTYPE,NatAmericanLandsType,L_SYMBOL,NatAmericanLandsType,ALIAS
SUBJPRP,S_PRJCLS,Project Class,L_SYMBOL,Project Class,ALIAS
SUBJPRP,S_PROJ_ATTACH_TYPE,Proj Attachment Type,L_SYMBOL,Proj Attachment Type,ALIAS
SUBJPRP,S_PROJ_CLASS_ID_FNM,Project Class ID FNM,L_SYMBOL,Project Class ID FNM,ALIAS
SUBJPRP,S_PROJ_CLASS_ID_FRE,Project Class ID FRE,L_SYMBOL,Project Class ID FRE,ALIAS
SUBJPRP,S_PROJECT_DESIGN_TYPE,Project Design Type,L_SYMBOL,Project Design Type,ALIAS
SUBJPRP,S_PROJECTCLASSTYPE,ProjectClassType,L_SYMBOL,ProjectClassType,ALIAS
SUBJPRP,S_PROJECTDESIGNTYPE,ProjectDesignType,L_SYMBOL,ProjectDesignType,ALIAS
SUBJPRP,S_PRPTYP,Property,L_SYMBOL,Property,ALIAS
SUBJPRP,S_PURP,Purpose,L_SYMBOL,Purpose,ALIAS
SUBJPRP,S_RESTYP,Occupancy,L_SYMBOL,Occupancy,ALIAS
SUBJPRP,S_STRUCTURETYPE,Structure Type,L_SYMBOL,Structure Type,ALIAS
SUBJPRP,S_SUBJUNITTYPE,Property Unit Type,L_SYMBOL,Property Unit Type,ALIAS
SUBJPRP,S_TRSTYP,Type of Trust,L_SYMBOL,Type of Trust,ALIAS
SUBJPRP,S_UNIQUEDWELLINGTYPE,UniqueDwellingType,L_SYMBOL,UniqueDwellingType,ALIAS
SUBJPRP,S_UNITOWNERSHIPTYPE,Unit Ownership Type,L_SYMBOL,Unit Ownership Type,ALIAS
SUBJPRP,SUBJESTE,SP Own Rights,L_SYMBOL,SP Own Rights,ALIAS
SUBJPRP,SUBJMHLD,Manner Held,L_SYMBOL,Manner Held,ALIAS
SUMIPLAN,CERTTYPE,MI Setup Cert Type,L_SYMBOL,MI Setup Cert Type,ALIAS
SUMIPLAN,COVTYPE,MI Setup Cover Type,L_SYMBOL,MI Setup Cover Type,ALIAS
SUMIPLAN,DURATION,MI Setup Duration,L_SYMBOL,MI Setup Duration,ALIAS
SUMIPLAN,S_MI_PREMIUM_AT_CLOSING,MISetUpInitPremTyp,L_SYMBOL,MISetUpInitPremTyp,ALIAS
SUMIPLAN,S_MI_PREMIUM_RATE_PLAN,MISetUpRatePlanTyp,L_SYMBOL,MISetUpRatePlanTyp,ALIAS
SUMIPLAN,S_MI_PREMIUM_SOURCE,MISetUpPremSrc,L_SYMBOL,MISetUpPremSrc,ALIAS
SUMIPLAN,S_MI_RENEWAL_CALC_TYPE,MISetUpRenCalcTyp,L_SYMBOL,MISetUpRenCalcTyp,ALIAS
TILINFO,PPPTYPE,Prepay Penalty Type,L_SYMBOL,Prepay Penalty Type,ALIAS
TILINFO,S_LATECHARGETYPE,Late Charge Type,L_SYMBOL,Late Charge Type,ALIAS
TILINFO,S_PPPOPT,Prepay Pen Option,L_SYMBOL,Prepay Pen Option,ALIAS
TILINFO,S_TIL2011_OVRD,Use 2011 TIL Ovrd,L_SYMBOL,Use 2011 TIL Ovrd,ALIAS
TRACKING,PURPOSE_TYPE,Loan Purpose Type,L_SYMBOL,Loan Purpose Type,ALIAS
TRACKING,S_BUSCHL,Business Channel,L_SYMBOL,Business Channel,ALIAS
TRACKING,S_CASE_STATUS,AUS Case Status,L_SYMBOL,AUS Case Status,ALIAS
TRACKING,S_CHANNEL_SOURCE_CODE,Channel Source Codes,L_SYMBOL,Channel Source Codes,ALIAS
TRACKING,S_COPT1,Client Option 1,L_SYMBOL,Client Option 1,ALIAS
TRACKING,S_COPT3,Client Option 3,L_SYMBOL,Client Option 3,ALIAS
TRACKING,S_COPT5,Client Option 5,L_SYMBOL,Client Option 5,ALIAS
TRACKING,S_COPT7,Client Option 7,L_SYMBOL,Client Option 7,ALIAS
TRACKING,S_COPT9,Client Option 9,L_SYMBOL,Client Option 9,ALIAS
TRACKING,S_CRDGRDAP,Credit Grd Current,L_SYMBOL,Credit Grd Current,ALIAS
TRACKING,S_CRDGRDRQ,Credit Grd Requested,L_SYMBOL,Credit Grd Requested,ALIAS
TRACKING,S_DELTERMS,Delivery Terms,L_SYMBOL,Delivery Terms,ALIAS
TRACKING,S_DOCLEVEL,Documentation Level,L_SYMBOL,Documentation Level,ALIAS
TRACKING,S_IVMETH,Method of Interview,L_SYMBOL,Method of Interview,ALIAS
TRACKING,S_QUALITY,Credit Quality,L_SYMBOL,Credit Quality,ALIAS
TRACKING,S_REPAY,Loan Repayment Type,L_SYMBOL,Loan Repayment Type,ALIAS
TRSTENTS,S_TRUST_UNIT_TYPE,Trust Unit Type,L_SYMBOL,Trust Unit Type,ALIAS
TRUSTS,S_TRSTYP,Type of Trust,L_SYMBOL,Type of Trust,ALIAS
UNDCOND1,QUALCODE,Eligibility,L_SYMBOL,Eligibility,ALIAS
UNDCOND1,S_CREDSCORE_OVERRIDE_REASON,CreditScoreOvrReason,L_SYMBOL,CreditScoreOvrReason,ALIAS
UNDCOND1,S_DISPOSITION,Disposition,L_SYMBOL,Disposition,ALIAS
UNDCOND1,S_TRGTINV,Target Investor,L_SYMBOL,Target Investor,ALIAS
UNDCOND2,ERRORCAUSEBY,Error Caused By,L_SYMBOL,Error Caused By,ALIAS
UNDCOND2,RESPONSIBLE_P,Responsible Party,L_SYMBOL,Responsible Party,ALIAS
UNDCOND2,S_COMFLG,UW Compliance Flag,L_SYMBOL,UW Compliance Flag,ALIAS
UNDCOND2,S_CONDITION_SRC,Condition Source,L_SYMBOL,Condition Source,ALIAS
UNDCOND2,S_UNDTYP,UW Type Condition,L_SYMBOL,UW Type Condition,ALIAS
UWAPPR,APPRVALUEINDICATOR,Appr Value Indicator,L_SYMBOL,Appr Value Indicator,ALIAS
UWAPPR,INV_COLL_PROG_ID,InvCollateralProgId,L_SYMBOL,InvCollateralProgId,ALIAS
UWAPPR,S_APPRFORMTYPE,UW Apprsl Form Type,L_SYMBOL,UW Apprsl Form Type,ALIAS
UWAPPR,S_APPRMETH,ACO Appraisal Method,L_SYMBOL,ACO Appraisal Method,ALIAS
UWAPPR,S_APPRTYPE,UW Appraisal Type,L_SYMBOL,UW Appraisal Type,ALIAS
UWAPPR,S_AVM,AVM Model Name,L_SYMBOL,AVM Model Name,ALIAS
UWAPPR,S_AVMOTH,AVM Model Name Other,L_SYMBOL,AVM Model Name Other,ALIAS
UWAPPR,S_HOA_FEES_PERIOD_TYPE,ApprHOAFeesperiodTyp,L_SYMBOL,ApprHOAFeesperiodTyp,ALIAS
UWAPPR,S_LVLPRPRVW,UW Appr Inspect Type,L_SYMBOL,UW Appr Inspect Type,ALIAS
UWAPPR,S_PRPFORMTYPE,UW Prop Val Frm Type,L_SYMBOL,UW Prop Val Frm Type,ALIAS
UWAPPR,S_PRPMETHODTYPE,UW Prop Val Mth Type,L_SYMBOL,UW Prop Val Mth Type,ALIAS
UWAPPR,S_STATUS,ApprStatus,L_SYMBOL,ApprStatus,ALIAS
VASUMMRY,AUS_TYPE,VA Aus Type,L_SYMBOL,VA Aus Type,ALIAS
VASUMMRY,LOANCODE,VA Loan Code,L_SYMBOL,VA Loan Code,ALIAS
VASUMMRY,RISK_CLASS,VA Risk Class,L_SYMBOL,VA Risk Class,ALIAS
VASUMMRY,S_HYBRID,Hybrid ARM Type,L_SYMBOL,Hybrid ARM Type,ALIAS
VETINFO,S_BRANCH,Branch of Service,L_SYMBOL,Branch of Service,ALIAS
VETINFO,S_OBRCH1,Branch of Service 2,L_SYMBOL,Branch of Service 2,ALIAS
VETINFO,S_OBRCH2,Branch of Service 3,L_SYMBOL,Branch of Service 3,ALIAS
VETINFO,S_OBRCH3,Branch of Service 4,L_SYMBOL,Branch of Service 4,ALIAS
WEATHERIZATION,S_WTHRDES,WeatherizationDesc,L_SYMBOL,WeatherizationDesc,ALIAS
WG_ADDITIONAL_LINKS,S_BUSCHL,Bus Channel,L_SYMBOL,Bus Channel,ALIAS
WG_APP_DEPOSIT,S_CCARD_TYPE,CCard Type,L_SYMBOL,CCard Type,ALIAS
WG_APP_DEPOSIT,S_METHOD,Collected Method,L_SYMBOL,Collected Method,ALIAS
WG_APP_DEPOSIT,S_PAIDBY,Fee Paid By,L_SYMBOL,Fee Paid By,ALIAS
WG_APP_DEPOSIT,S_PAYMENT_TYPE,App Dep Payment Type,L_SYMBOL,App Dep Payment Type,ALIAS
WG_APPLICATION_DETAILS,S_APP_IMPORT_STATUS,App Import Status,L_SYMBOL,App Import Status,ALIAS
WG_ASSET,S_ASSET_PURPOSE,Asset Purpose,L_SYMBOL,Asset Purpose,ALIAS
WG_ASSET,S_ASSET_TYPE,Asset Type,L_SYMBOL,Asset Type,ALIAS
WG_ASSET_ACCT,S_ACCT_OWNERSHIP,Account Ownership,L_SYMBOL,Account Ownership,ALIAS
WG_ASSET_MARINE_ENG,S_ENGINE_COLOR,Marine Eng Color,L_SYMBOL,Marine Eng Color,ALIAS
WG_ASSET_MARINE_ENG,S_ENGINE_MFG,Marine Eng Mfg,L_SYMBOL,Marine Eng Mfg,ALIAS
WG_ASSET_MARINE_ENG,S_MULTIENGINETYPE,Boat MultiEngine Typ,L_SYMBOL,Boat MultiEngine Typ,ALIAS
WG_ASSET_VEHICLE,S_CNRE_OWNERSHIP,CNRE Ownership,L_SYMBOL,CNRE Ownership,ALIAS
WG_ASSET_VEHICLE,S_COLOR,Vehicle Color,L_SYMBOL,Vehicle Color,ALIAS
WG_ASSET_VEHICLE,S_DAMAGE_TYPE,Coll Damage Type,L_SYMBOL,Coll Damage Type,ALIAS
WG_ASSET_VEHICLE,S_FUEL_TYPE,Fuel Type,L_SYMBOL,Fuel Type,ALIAS
WG_ASSET_VEHICLE,S_GV_WEIGHT_RATING,GV Weight Rate,L_SYMBOL,GV Weight Rate,ALIAS
WG_ASSET_VEHICLE,S_TRANSF_AS,Coll Transferred As,L_SYMBOL,Coll Transferred As,ALIAS
WG_ASSET_VEHICLE,S_TRANSF_TO,Coll Transferred To,L_SYMBOL,Coll Transferred To,ALIAS
WG_ASSET_VEHICLE,S_VEHICLE_CONDITION,Vehicle Condition,L_SYMBOL,Vehicle Condition,ALIAS
WG_ASSET_VHCL_AUTO,S_GENERIC_BODY_STYLE,Generic Body Style,L_SYMBOL,Generic Body Style,ALIAS
WG_ASSET_VHCL_AUTO,S_MTRCYCLESTYLE,MtrCycleStyle,L_SYMBOL,MtrCycleStyle,ALIAS
WG_ASSET_VHCL_MARINE,S_ENGINE_DRIVE,Engine Drive,L_SYMBOL,Engine Drive,ALIAS
WG_ASSET_VHCL_MARINE,S_FUEL_TYPE,Boat Fuel,L_SYMBOL,Boat Fuel,ALIAS
WG_ASSET_VHCL_MARINE,S_HULL_MATERIAL,Boat Material,L_SYMBOL,Boat Material,ALIAS
WG_ASSET_VHCL_MARINE,S_MANUF_TYPE,Boat Manuf Type,L_SYMBOL,Boat Manuf Type,ALIAS
WG_ASSET_VHCL_MARINE,S_MARINE_TYPE,Boat Type,L_SYMBOL,Boat Type,ALIAS
WG_ASSET_VHCL_MARINE,S_PRIMARY_USE,Primary Use,L_SYMBOL,Primary Use,ALIAS
WG_ASSET_VHCL_MARINE,S_PROPULSION_TYPE,Boat Propulsion,L_SYMBOL,Boat Propulsion,ALIAS
WG_ASSET_VHCL_RV,S_CATEGORY,RV Category,L_SYMBOL,RV Category,ALIAS
WG_ASSET_VHCL_RV,S_MODEL_TYPE,RV Model Type,L_SYMBOL,RV Model Type,ALIAS
WG_ASSET_VHCL_TRAILER,S_AXLE_TYPE,Trailer Axles,L_SYMBOL,Trailer Axles,ALIAS
WG_ASSET_VHCL_VALUATION,S_CLEAN_LEVEL,Clean Level,L_SYMBOL,Clean Level,ALIAS
WG_ASSET_VHCL_VALUATION,S_USE_FOR_LOAN_VAL,Use for Loan Val,L_SYMBOL,Use for Loan Val,ALIAS
WG_ASSET_VHCL_VALUATION,S_VALUATION_SOURCE,Valuation Source,L_SYMBOL,Valuation Source,ALIAS
WG_AUTO_DEBIT,S_AD_ACCT_TYPE,AD Account Type,L_SYMBOL,AD Account Type,ALIAS
WG_B2B_LOAN_STATUS,S_B2B_LOAN_STATUS,B2BLoanStatus,L_SYMBOL,B2BLoanStatus,ALIAS
WG_B2G_SETUP,ENFORCE_WORKFLOW,B2GEnforceWorkflow,L_SYMBOL,B2GEnforceWorkflow,ALIAS
WG_B2G_SETUP,LOAN_OPEN_ACTION,B2GLoanOpenAction,L_SYMBOL,B2GLoanOpenAction,ALIAS
WG_BOR_VERIFICATN_PROVDRS_LPA,S_LPA_SERVICE_COM_CODE,LPAServCompanyCode,L_SYMBOL,LPAServCompanyCode,ALIAS
WG_BOR_VERIFICATN_PROVDRS_LPA,S_LPA_SERVICE_VER_TYP,LPAServiceType,L_SYMBOL,LPAServiceType,ALIAS
WG_BORR_DISB_ACCT,S_ACCT_TYPE,DisbAccType,L_SYMBOL,DisbAccType,ALIAS
WG_BORR_INCOME_SRC_INTERNAL,S_INTRL_INCOMETYPE,Income Type,L_SYMBOL,Income Type,ALIAS
WG_BORR_INCOME_SRC_PAY_EARN,S_PAYITEM,Earning Income Type,L_SYMBOL,Earning Income Type,ALIAS
WG_BORR_INCOME_SRC_WRTN_VOE,S_YTD_GROSS_PAY_FREQUENCY,WVOEYTDPayFreq,L_SYMBOL,WVOEYTDPayFreq,ALIAS
WG_BORR_INCOME_SRC_WRTN_VOE,YTD_GROSS_PAY_PERIOD,WVOEYTDPayPeriod,L_SYMBOL,WVOEYTDPayPeriod,ALIAS
WG_BORR_VERIFICATN_PROVDRS,S_DU_SERVICE_PRO_NAME,ServiceProviderName,L_SYMBOL,ServiceProviderName,ALIAS
WG_BORR_VERIFICATN_PROVDRS,S_DU_VERI_TYPE,DU Veri Report Type,L_SYMBOL,DU Veri Report Type,ALIAS
WG_BORROWER_COUNSELING,S_CMPL_IN_LAST_12_MONTHS,HomeCounsel Ind,L_SYMBOL,HomeCounsel Ind,ALIAS
WG_BORROWER_COUNSELING,S_COUNSEL_FORMAT,HomeCounsel Format,L_SYMBOL,HomeCounsel Format,ALIAS
WG_BORROWER_COUNSELING,S_HOMEEDUC_FORMAT,HomeEducationFormat,L_SYMBOL,HomeEducationFormat,ALIAS
WG_BORROWER_DUEDILIGENCE,PEPCUSTRELATION,PepCustRelation,L_SYMBOL,PepCustRelation,ALIAS
WG_BORROWER_DUEDILIGENCE,PEPPOSITION,PepPosition,L_SYMBOL,PepPosition,ALIAS
WG_BORROWER_DUEDILIGENCE,VISASTATUS,Visastatus,L_SYMBOL,Visastatus,ALIAS
WG_BORROWER_GUARANTOR,ORGANIZATION_TYPE,Organization Type,L_SYMBOL,Organization Type,ALIAS
WG_BORROWER_GUARANTOR,S_APPLICABLE_TO,APPLICABLEGUARANTY,L_SYMBOL,APPLICABLEGUARANTY,ALIAS
WG_BORROWER_GUARANTOR,S_REP_ENTITY_CAPACITY,Rep Ent Capacity,L_SYMBOL,Rep Ent Capacity,ALIAS
WG_BRM_DEFN_FIELDS,S_FIELD_CONTROL_TYPE,BRM Field Cntrl Type,L_SYMBOL,BRM Field Cntrl Type,ALIAS
WG_BRM_DEFN_FIELDS,S_FIELD_FORMAT,BRM Field Format,L_SYMBOL,BRM Field Format,ALIAS
WG_BRM_DEFN_FIELDS,S_FIELD_LIST_SOURCE,BRM Field ListSource,L_SYMBOL,BRM Field ListSource,ALIAS
WG_BRM_DEFN_FIELDS,S_FIELD_OPERATOR,BRM Operator Type,L_SYMBOL,BRM Operator Type,ALIAS
WG_BRM_DEFN_FIELDS,S_FIELD_STATUS,BRM Field Status,L_SYMBOL,BRM Field Status,ALIAS
WG_BRM_DEFN_GRID,S_GRID_CATEGORY,BRM Grid Category,L_SYMBOL,BRM Grid Category,ALIAS
WG_BRM_DEFN_GRID,S_GRID_STATUS,BRM Grid Status,L_SYMBOL,BRM Grid Status,ALIAS
WG_BRM_DEFN_GRID_DTL,S_GRID_OPERATOR,BRM Operator Type,L_SYMBOL,BRM Operator Type,ALIAS
WG_BRM_DEFN_GRID_DTL,S_GRID_TGT_VAL_SPAN_TYPE,BRM GridTgtValSpnTyp,L_SYMBOL,BRM GridTgtValSpnTyp,ALIAS
WG_BRM_DEFN_GRID_DTL,S_GRID_VERT_HORIZ,BRM Grid Orientation,L_SYMBOL,BRM Grid Orientation,ALIAS
WG_BRM_LKUP_BASE,S_BRM_TYPE,BRM LU Type,L_SYMBOL,BRM LU Type,ALIAS
WG_BRM_LKUP_BASE,S_CAP_CATEGORY,BRM LU Cap Category,L_SYMBOL,BRM LU Cap Category,ALIAS
WG_BRM_LKUP_BASE,S_EFFECTIVITY_RULE,BRM LU Effectivity,L_SYMBOL,BRM LU Effectivity,ALIAS
WG_BRM_LKUP_BASE,S_OVERRIDE_LEVEL,BRM Override Level,L_SYMBOL,BRM Override Level,ALIAS
WG_BRM_LKUP_RULE_BASE,S_OVERRIDE_LEVEL,BRM Override Level1,L_SYMBOL,BRM Override Level1,ALIAS
WG_BRM_LKUP_RULE_FIELD,S_RULE_ITEM_OPERATOR,BRM Operator Type,L_SYMBOL,BRM Operator Type,ALIAS
WG_BRM_LKUP_RULE_ITEMS,S_OVERRIDE_LEVEL,BRM Override Level2,L_SYMBOL,BRM Override Level2,ALIAS
WG_BRM_LKUP_RULE_ITEMS,S_RULE_ITEM_TYPE,BRM RuleItem Type,L_SYMBOL,BRM RuleItem Type,ALIAS
WG_CCS_FEE_CALC_DTL,S_CALC_METHOD,FC Calc Method,L_SYMBOL,FC Calc Method,ALIAS
WG_CCS_FEE_CRITERIA_CNDTN,S_COMPARISON_OPERATOR,FCC Comparison Oper,L_SYMBOL,FCC Comparison Oper,ALIAS
WG_CCS_SCHEME,S_STATUS,Fee Scheme Status,L_SYMBOL,Fee Scheme Status,ALIAS
WG_CD_BOR_OTHER_CREDITS,S_TYPE,CDBorOtherCreditType,L_SYMBOL,CDBorOtherCreditType,ALIAS
WG_CD_DUE_FROM_BOR,S_TYPE,CDDueFromBorItemType,L_SYMBOL,CDDueFromBorItemType,ALIAS
WG_CD_DUE_FROM_BOR_ADJ,S_ADJ_TYPE,CDDueFromBorAdjType,L_SYMBOL,CDDueFromBorAdjType,ALIAS
WG_CD_DUE_FROM_SEL,S_TYPE,CDDueFromSelItemType,L_SYMBOL,CDDueFromSelItemType,ALIAS
WG_CD_DUE_FROM_SEL_ADJ,S_PAIDBY_TYPE,CDDueFromSelAdjPayer,L_SYMBOL,CDDueFromSelAdjPayer,ALIAS
WG_CD_DUE_FROM_SEL_ADJ,S_TYPE,CDDueFromSelAdjType,L_SYMBOL,CDDueFromSelAdjType,ALIAS
WG_CD_PAID_BY_BOR,S_PAIDBY_TYPE,CDPaidByBorItemPayer,L_SYMBOL,CDPaidByBorItemPayer,ALIAS
WG_CD_PAID_BY_BOR,S_TYPE,CDPaidByBorItemType,L_SYMBOL,CDPaidByBorItemType,ALIAS
WG_CD_PAID_BY_BOR_ADJ,S_TYPE,CDPaidByBorAdjType,L_SYMBOL,CDPaidByBorAdjType,ALIAS
WG_CD_PAID_BY_SELLER_ADJ,S_ADJ_TYPE,CDPaidBySelAdjType,L_SYMBOL,CDPaidBySelAdjType,ALIAS
WG_CD_PAYOFFS_PMTS,S_TYPE,CDPayoffsPmtsType,L_SYMBOL,CDPayoffsPmtsType,ALIAS
WG_CD_UNPAID_BY_SEL_ADJ,S_TYPE,CDUnpaidBySelAdjType,L_SYMBOL,CDUnpaidBySelAdjType,ALIAS
WG_CLOSING_DISCLOSURE,CLOS_S_TYPE,Clos S Type,L_SYMBOL,Clos S Type,ALIAS
WG_CLOSING_DISCLOSURE,S_CLS_DISCL_DELIV_MTHD,ClsDisclosDelivMeth,L_SYMBOL,ClsDisclosDelivMeth,ALIAS
WG_CLOSING_DISCLOSURE,S_CLS_DISCL_REV_REASON,ClsDisclosRevReason,L_SYMBOL,ClsDisclosRevReason,ALIAS
WG_CLSCORP_INTERFACE,S_WATERQLTY_SCAN_TYPE,WaterQlty ScanType,L_SYMBOL,WaterQlty ScanType,ALIAS
WG_CMS_PRVD_EVENT_DATE,EVENT_TYPE,PBEventType,L_SYMBOL,PBEventType,ALIAS
WG_CMS_PRVD_EVENT_DATE,S_DIST_METHOD,PBDistributionMethod,L_SYMBOL,PBDistributionMethod,ALIAS
WG_CNS_LOAN_APPLICATION,S_LOAN_PURPOSE,L Loan Purpose,L_SYMBOL,L Loan Purpose,ALIAS
WG_CNS_LOAN_APPLICATION,S_LOAN_TYPE,L Loan Type,L_SYMBOL,L Loan Type,ALIAS
WG_CNS_LOAN_APPLICATION,S_PRIMARY_COLLATERAL_TYPE,Primary Coll Typ,L_SYMBOL,Primary Coll Typ,ALIAS
WG_CNS_LOAN_APPLICATION,S_SECONDARY_COLLATERAL_TYPE,Secondary Coll Typ,L_SYMBOL,Secondary Coll Typ,ALIAS
WG_CNS_LOAN_APPLICATION,S_TITLE_TRANSFER,TitleTransferType,L_SYMBOL,TitleTransferType,ALIAS
WG_COLLATERAL_TYPES,COLLATERAL_TYPE,Collateral Type,L_SYMBOL,Collateral Type,ALIAS
WG_COMPLIANCEEASE,INDEXTYPE,CompEase Index Type,L_SYMBOL,CompEase Index Type,ALIAS
WG_CONCURRENT_FINANCING,S_RL_LIEN_POSITION,RelLoanLienPosition,L_SYMBOL,RelLoanLienPosition,ALIAS
WG_CONCURRENT_FINANCING,S_RL_MORT_TYPE,RelLoanMortType,L_SYMBOL,RelLoanMortType,ALIAS
WG_CONCURRENT_FINANCING,S_RL_TYPE,RelatedLoanType,L_SYMBOL,RelatedLoanType,ALIAS
WG_CONSTRUCTION_DRAW_DETAILS,S_DRAWSTATUS,Const Draw Status,L_SYMBOL,Const Draw Status,ALIAS
WG_COOP_INFO,S_COOP_TYPE,Coop Type,L_SYMBOL,Coop Type,ALIAS
WG_CORR_DISCLOSURE_HISTORY,CORR_DISCLOS_DELIV_MTHD,CorrDisclosDelivMthd,L_SYMBOL,CorrDisclosDelivMthd,ALIAS
WG_CORR_DISCLOSURE_HISTORY,CORR_DISCLOS_TYPE,CorrDisclosType,L_SYMBOL,CorrDisclosType,ALIAS
WG_CORR_FEE_LOAN,S_VENDOR_TYPE,Corr Fee Vendor Type,L_SYMBOL,Corr Fee Vendor Type,ALIAS
WG_CORR_LOAN_DATA,CMS_CORR_UNDERW_TYPEOVRD,CMSCorUnderwTypeOvrd,L_SYMBOL,CMSCorUnderwTypeOvrd,ALIAS
WG_CREDIT_AUTH,CREDIT_AUTH_METHOD,CreditAuthMethod,L_SYMBOL,CreditAuthMethod,ALIAS
WG_DELIVERY_CLOSING_COST,S_CCFND,CC Funds Type,L_SYMBOL,CC Funds Type,ALIAS
WG_DELIVERY_CLOSING_COST,S_CCFOT,CC Funds Type Oth,L_SYMBOL,CC Funds Type Oth,ALIAS
WG_DELIVERY_CLOSING_COST,S_CCOTH,CC Source Type Oth,L_SYMBOL,CC Source Type Oth,ALIAS
WG_DELIVERY_CLOSING_COST,S_CCSRC,CC Source Type,L_SYMBOL,CC Source Type,ALIAS
WG_DELIVERY_LOAN_PGM,S_LOAN_PGM_ID,Loan Program ID,L_SYMBOL,Loan Program ID,ALIAS
WG_DMI_BATCH_SETUP,S_ADMIN_BUSINESS_TYPE,Admin Business Type,L_SYMBOL,Admin Business Type,ALIAS
WG_DOC_PRVD_EVENT_DATES,EVENT_TYPE,PBEventType,L_SYMBOL,PBEventType,ALIAS
WG_DOC_PRVD_EVENT_DATES,S_DIST_METHOD,PBDistributionMethod,L_SYMBOL,PBDistributionMethod,ALIAS
WG_DOCUMENT_MGMT,FULFILLMENT_TYPE,FulfillProcessType,L_SYMBOL,FulfillProcessType,ALIAS
WG_DOCUMENT_MGMT,S_LENDER_FULFILLMENT_TYPE,LenFulfillProcType,L_SYMBOL,LenFulfillProcType,ALIAS
WG_DOCUMENT_MGMT,S_REQUESTED_CLOSING_METHOD,RequestedClsMethod,L_SYMBOL,RequestedClsMethod,ALIAS
WG_ENTITY_OFFICERS_ID,ID_TYPE,EntOffIdType,L_SYMBOL,EntOffIdType,ALIAS
WG_ERNST_FEE_INTERFACE,S_LENDER_POLICY_TYPE,ErnstLendPolicyType,L_SYMBOL,ErnstLendPolicyType,ALIAS
WG_ERNST_FEE_INTERFACE,S_OWNER_POLICY,ErnstOwnPolicyType,L_SYMBOL,ErnstOwnPolicyType,ALIAS
WG_EXTENSION_HIST,S_LOCK_EXT_TYPE,Lock Ext Period,L_SYMBOL,Lock Ext Period,ALIAS
WG_FHA_INSURANCE_APP_INP,COUNSELTYPE,B2G InsCounselType,L_SYMBOL,B2G InsCounselType,ALIAS
WG_FHA_INSURANCE_APP_INP,GIFTSOURCE1,B2G Gift Srce 1 Ovrd,L_SYMBOL,B2G Gift Srce 1 Ovrd,ALIAS
WG_FHA_INSURANCE_APP_INP,GIFTSOURCE2,B2G Gift Srce 2 Ovrd,L_SYMBOL,B2G Gift Srce 2 Ovrd,ALIAS
WG_FHA_INSURANCE_APP_INP,SCOREDECISION,Scorecard Decision,L_SYMBOL,Scorecard Decision,ALIAS
WG_FHA_INSURANCE_APP_INP,SECFINSOURCE,B2G Sec fin Sce Ovrd,L_SYMBOL,B2G Sec fin Sce Ovrd,ALIAS
WG_FHA_INSURANCE_APP_RSP,FHA_SCOREDECISION,InsAppScoDecision,L_SYMBOL,InsAppScoDecision,ALIAS
WG_FORMFREE_RESPONSEASSET,S_ASSET,Asset Type,L_SYMBOL,Asset Type,ALIAS
WG_HMDAINFO_EXT,REPORTABLEYROVR,HMDARepOverride2018,L_SYMBOL,HMDARepOverride2018,ALIAS
WG_ID_TOLERANCE,EVENT_TYPE,IDTolEventType,L_SYMBOL,IDTolEventType,ALIAS
WG_IMAGES_INVALID_REASONS,S_REASON,ImageInvalidReasons,L_SYMBOL,ImageInvalidReasons,ALIAS
WG_INC_PROFORMA_K1_EXT,K1INCOMETYPE,SEIA_Type,L_SYMBOL,SEIA_Type,ALIAS
WG_INC_PROFORMA_K1_EXT,K1PROFORMAUSAGETYPE,K1ProformaUsageType,L_SYMBOL,K1ProformaUsageType,ALIAS
WG_INC_PROFORMA_SCHE,USAGE_TYPE,SchEUsageType,L_SYMBOL,SchEUsageType,ALIAS
WG_INC_PROFORMA_USER_DEFINED,S_PF_USAGE,PF UserD Inc Usage,L_SYMBOL,PF UserD Inc Usage,ALIAS
WG_INCOME_SOURCE,S_EMP_UNIT_TYPE,Emp Unit Type,L_SYMBOL,Emp Unit Type,ALIAS
WG_INCOME_SOURCE,S_SELF_EMPL_TYPE,SelfEmplType,L_SYMBOL,SelfEmplType,ALIAS
WG_INCOME_SOURCE,S_SPECIAL_BOR_EMP_REL_TYPE,SpeclBorEmpRelType,L_SYMBOL,SpeclBorEmpRelType,ALIAS
WG_INT_DISCLOSURES,S_CLS_DISCL_CORRECT_TYPE,ClsDisclosCorrectTyp,L_SYMBOL,ClsDisclosCorrectTyp,ALIAS
WG_INT_DISCLOSURES,S_CLS_DISCL_PREP_BY,ClsDisclosPreparedBy,L_SYMBOL,ClsDisclosPreparedBy,ALIAS
WG_INTERVIEWER_INFO,S_LOORGUNITTYPE,LO Org Unit Type,L_SYMBOL,LO Org Unit Type,ALIAS
WG_INVST_COMMIT,S_CMTMT_AMORT_TYPE,Cmtmt Amort Type,L_SYMBOL,Cmtmt Amort Type,ALIAS
WG_INVST_COMMIT,S_CMTMT_DELIVERY_TYPE,Cmtmt Delivery Type,L_SYMBOL,Cmtmt Delivery Type,ALIAS
WG_INVST_COMMIT,S_CMTMT_DFLT_LOSS_TYPE,Cmtmt Dflt Loss Type,L_SYMBOL,Cmtmt Dflt Loss Type,ALIAS
WG_INVST_COMMIT,S_CMTMT_LOSS_CODE,Cmtmt Loss Code,L_SYMBOL,Cmtmt Loss Code,ALIAS
WG_INVST_COMMIT,S_CMTMT_MORTGAGE_TYPE,Cmtmt Mortgage Type,L_SYMBOL,Cmtmt Mortgage Type,ALIAS
WG_INVST_COMMIT,S_CMTMT_RATE_ROUND_TYPE,Cmtmt Rounding Type,L_SYMBOL,Cmtmt Rounding Type,ALIAS
WG_INVST_COMMIT,S_CMTMT_REMIT_TYPE,Cmtmt Remit Type,L_SYMBOL,Cmtmt Remit Type,ALIAS
WG_INVST_COMMIT,S_CMTMT_REO_MKTG_PTY,Cmtmt Reo Mktg Type,L_SYMBOL,Cmtmt Reo Mktg Type,ALIAS
WG_INVST_COMMIT,S_CMTMT_STATUS,Cmtmt Status,L_SYMBOL,Cmtmt Status,ALIAS
WG_INVST_COMMIT,S_CMTMT_STRUCTURE_TYPE,Cmtmt Structure Type,L_SYMBOL,Cmtmt Structure Type,ALIAS
WG_INVST_COMMIT,S_CMTMT_TYPE,Cmtmt Type,L_SYMBOL,Cmtmt Type,ALIAS
WG_INVST_COMMIT,S_INVLK_LOCK_STS,InvLk Lock Status,L_SYMBOL,InvLk Lock Status,ALIAS
WG_INVST_COMMIT_LOAN,S_PROCESS_TYPE,Cmtmt Loan Proc Type,L_SYMBOL,Cmtmt Loan Proc Type,ALIAS
WG_INVST_COMMIT_POOL,S_BOND_FINANCE,Cmtmt Bond Finance,L_SYMBOL,Cmtmt Bond Finance,ALIAS
WG_INVST_COMMIT_POOL,S_CALC_TYPE,Cmtmt Pool Calc Type,L_SYMBOL,Cmtmt Pool Calc Type,ALIAS
WG_INVST_COMMIT_POOL,S_CERT_AGREEMENT,Cmtmt Cert Agreement,L_SYMBOL,Cmtmt Cert Agreement,ALIAS
WG_INVST_COMMIT_POOL,S_ISSUER_TYPE,Cmtmt Issuer Type,L_SYMBOL,Cmtmt Issuer Type,ALIAS
WG_INVST_COMMIT_POOL,S_POOL_ARM_INDEX,Cmtmt Pool ARM Index,L_SYMBOL,Cmtmt Pool ARM Index,ALIAS
WG_INVST_COMMIT_POOL,S_POOL_TYPE,Cmtmt Pool Type,L_SYMBOL,Cmtmt Pool Type,ALIAS
WG_INVST_TRADE,S_TRADE_TYPE,Trade Type,L_SYMBOL,Trade Type,ALIAS
WG_INVST_TRADE_COUPON,S_COUPON_TYPE,TradeStk Coupon Type,L_SYMBOL,TradeStk Coupon Type,ALIAS
WG_INVST_TRADE_PAIR,S_TRADE_PAIR_ROLL_TYPE,Trade Pair Roll Type,L_SYMBOL,Trade Pair Roll Type,ALIAS
WG_KEYSTONE_EVENTS,S_DISP_ATTCH_TYP,Dispute Attach Type,L_SYMBOL,Dispute Attach Type,ALIAS
WG_KEYSTONE_EVENTS,S_EVENT_CATEGORY,KS EventCategory,L_SYMBOL,KS EventCategory,ALIAS
WG_KEYSTONE_EVENTS,S_EVENT_DISPUTE_ITEM,Dispute Item Type,L_SYMBOL,Dispute Item Type,ALIAS
WG_KEYSTONE_EVENTS,S_EVENT_STATUS_NAME,Event_Status_Name,L_SYMBOL,Event_Status_Name,ALIAS
WG_KEYSTONE_EVENTS,S_REASON_CODE,KS Reason Code,L_SYMBOL,KS Reason Code,ALIAS
WG_LOAN_ESTIMATE,S_LE_DISCL_DELIV_MTHD,LEDisclosDelivMeth,L_SYMBOL,LEDisclosDelivMeth,ALIAS
WG_LOAN_ESTIMATE,S_TYPE,S Type,L_SYMBOL,S Type,ALIAS
WG_LOANFIT_COMPARE_LOAN_BASE,S_CREDIT_TIER,LoanFCp Cred Tier,L_SYMBOL,LoanFCp Cred Tier,ALIAS
WG_LOANFIT_COMPARE_LOAN_BASE,S_DEPOSIT_TIER,LoanFCp Dep Tier,L_SYMBOL,LoanFCp Dep Tier,ALIAS
WG_LOANFIT_COMPARE_LOAN_BASE,S_DIRECTIVES,LoanFCp Directives,L_SYMBOL,LoanFCp Directives,ALIAS
WG_LOANFIT_COMPARE_LOAN_BASE,S_GOALS_OPTS,LoanFCp Goals Opts,L_SYMBOL,LoanFCp Goals Opts,ALIAS
WG_LOANFIT_COMPARE_LOAN_BASE,S_MAX_TERM,LoanFCp Max Term,L_SYMBOL,LoanFCp Max Term,ALIAS
WG_LOANFIT_COMPARE_LOAN_BASE,S_MIN_TERM,LoanFCp Min Term,L_SYMBOL,LoanFCp Min Term,ALIAS
WG_LOANFIT_COMPARE_LOAN_BASE,S_NBR_BORR,LoanFCp Nbr Borr,L_SYMBOL,LoanFCp Nbr Borr,ALIAS
WG_LOANFIT_COMPARE_LOAN_BASE,S_OCCUPANCY,LoanFCp Occupancy,L_SYMBOL,LoanFCp Occupancy,ALIAS
WG_LOANFIT_COMPARE_LOAN_BASE,S_PROP_TYPE,LoanFCp Prop Type,L_SYMBOL,LoanFCp Prop Type,ALIAS
WG_LOANFIT_COMPARE_LOAN_BASE,S_PURP_REFI,LoanFCp Purp Refi,L_SYMBOL,LoanFCp Purp Refi,ALIAS
WG_LOANFIT_COMPARE_LOAN_BASE,S_PURPOSE,LoanFCp Purpose,L_SYMBOL,LoanFCp Purpose,ALIAS
WG_LOANFIT_LOAN_BASE,S_CREDIT_TIER,LoanFit Cred Tier,L_SYMBOL,LoanFit Cred Tier,ALIAS
WG_LOANFIT_LOAN_BASE,S_DEPOSIT_TIER,LoanFit Dep Tier,L_SYMBOL,LoanFit Dep Tier,ALIAS
WG_LOANFIT_LOAN_BASE,S_DIRECTIVES,LoanFit Directives,L_SYMBOL,LoanFit Directives,ALIAS
WG_LOANFIT_LOAN_BASE,S_GOALS_OPTS,LoanFit Goals Opts,L_SYMBOL,LoanFit Goals Opts,ALIAS
WG_LOANFIT_LOAN_BASE,S_MAX_TERM,LoanFit Max Term,L_SYMBOL,LoanFit Max Term,ALIAS
WG_LOANFIT_LOAN_BASE,S_MIN_TERM,LoanFit Min Term,L_SYMBOL,LoanFit Min Term,ALIAS
WG_LOANFIT_LOAN_BASE,S_NBR_BORR,LoanFit Nbr Borr,L_SYMBOL,LoanFit Nbr Borr,ALIAS
WG_LOANFIT_LOAN_BASE,S_OCCUPANCY,LoanFit Occupancy,L_SYMBOL,LoanFit Occupancy,ALIAS
WG_LOANFIT_LOAN_BASE,S_PROP_TYPE,LoanFit Prop Type,L_SYMBOL,LoanFit Prop Type,ALIAS
WG_LOANFIT_LOAN_BASE,S_PURP_REFI,LoanFit Purp Refi,L_SYMBOL,LoanFit Purp Refi,ALIAS
WG_LOANFIT_LOAN_BASE,S_PURPOSE,LoanFit Purpose,L_SYMBOL,LoanFit Purpose,ALIAS
WG_LPA_PARTYROLETYPE,S_FRE_PARTY_ROLE_TYPE,FRE Party Type,L_SYMBOL,FRE Party Type,ALIAS
WG_MARINE_BOAT_VAL_RESPONSE,S_ENGINE_COUNT,EngCount,L_SYMBOL,EngCount,ALIAS
WG_MARINE_BOAT_VAL_RESPONSE,S_ENGINE_FUEL,BtEngFuel,L_SYMBOL,BtEngFuel,ALIAS
WG_MARINE_BOAT_VAL_RESPONSE,S_ENGINE_MFG_CODE,EngMfgCode,L_SYMBOL,EngMfgCode,ALIAS
WG_MARINE_BOAT_VAL_RESPONSE,S_ENGINE_TYPE,BtEngType,L_SYMBOL,BtEngType,ALIAS
WG_MARINE_BOAT_VAL_RESPONSE,S_HULL_CONFIG,HullConfig,L_SYMBOL,HullConfig,ALIAS
WG_MARINE_BOAT_VAL_RESPONSE,S_HULL_MATERIAL,HullMtrl,L_SYMBOL,HullMtrl,ALIAS
WG_MARINE_BOAT_VAL_RESPONSE,S_RESP_BOAT_TYPE,RespBoatTyp,L_SYMBOL,RespBoatTyp,ALIAS
WG_MARINE_BOAT_VAL_RESPONSE,S_TOP_RIG,TopRig,L_SYMBOL,TopRig,ALIAS
WG_MAVENT_ATRQM,S_ATREXEMPTTRANSTYPE,MaventATRExemptType,L_SYMBOL,MaventATRExemptType,ALIAS
WG_MAVENT_ATRQM,S_ATRTYPE,MaventATRType,L_SYMBOL,MaventATRType,ALIAS
WG_MAVENT_ATRQM,S_CREDITPURPOSE,MaventCreditPurpose,L_SYMBOL,MaventCreditPurpose,ALIAS
WG_MAVENT_ATRQM,S_QMTYPE,MaventQMType,L_SYMBOL,MaventQMType,ALIAS
WG_MAVENT_ATRQM,S_SOLDTRANSFER,MaventSoldTransfer,L_SYMBOL,MaventSoldTransfer,ALIAS
WG_MBAUS_RESPONSE,S_MB_RECOMMENDATION,MBAUS Recommend Code,L_SYMBOL,MBAUS Recommend Code,ALIAS
WG_NEWS_ANNOUNCEMENTS,S_BUSCHL,Bus Channel,L_SYMBOL,Bus Channel,ALIAS
WG_NEWS_ANNOUNCEMENTS,S_LINK_TYPE,News Link Type,L_SYMBOL,News Link Type,ALIAS
WG_NONSTD_STDREFI,REFI_MORT_TYPE,Refi. Mort Type,L_SYMBOL,Refi. Mort Type,ALIAS
WG_OWNERSITEM,S_OWNER_ITEM_TYPE,Owner Item Type,L_SYMBOL,Owner Item Type,ALIAS
WG_PORTAL_CLIENT_INFO,S_INFO_TYPE,Client Info Type,L_SYMBOL,Client Info Type,ALIAS
WG_PRICE_EXCEPTIONS,S_EXCEPTION_STATUS,PE Exception Status,L_SYMBOL,PE Exception Status,ALIAS
WG_PRICE_EXCEPTIONS,S_EXCEPTION_TYPE,PE Exception Type,L_SYMBOL,PE Exception Type,ALIAS
WG_PRODUCT_ELIGIBILITY,LENGTH_OF_OWNERSHIP,Length of Ownership,L_SYMBOL,Length of Ownership,ALIAS
WG_PROPERTY_CORR,S_CPTYP,Corr Property,L_SYMBOL,Corr Property,ALIAS
WG_PROPERTY_CORR,S_PRJLIT,Project Litigation,L_SYMBOL,Project Litigation,ALIAS
WG_REALEC_PROD_EVENT,S_PRODUCT_EVENT,Order Event,L_SYMBOL,Order Event,ALIAS
WG_REALEC_PRODUCT,S_ORDER_PRODUCT,Order Product,L_SYMBOL,Order Product,ALIAS
WG_REALEC_PRODUCT,S_ORDER_PRODUCT_APP,Order Appproduct,L_SYMBOL,Order Appproduct,ALIAS
WG_REALEC_PRODUCT,S_PRODUCT_PROVIDER,Order Provider,L_SYMBOL,Order Provider,ALIAS
WG_REALEC_REASON_CODE,S_REASON_CODE,Reason Code,L_SYMBOL,Reason Code,ALIAS
WG_REDRAW_REASONS,S_REDRAW_REASON,Re-Draw Reason,L_SYMBOL,Re-Draw Reason,ALIAS
WG_REGGORA_ORDER_STATUS,S_EVENTTYPE,ReggoraApprStatus,L_SYMBOL,ReggoraApprStatus,ALIAS
WG_SELLER_MORTGAGE_INFO,LIEN_POSITION,Mort Lien Position,L_SYMBOL,Mort Lien Position,ALIAS
WG_SIM_CD_BOR_OTHER_CREDITS,S_TYPE,CDBorOtherCreditType,L_SYMBOL,CDBorOtherCreditType,ALIAS
WG_SIM_CD_DUE_FROM_BOR,S_TYPE,CDDueFromBorItemType,L_SYMBOL,CDDueFromBorItemType,ALIAS
WG_SIM_CD_DUE_FROM_BOR_ADJ,S_ADJ_TYPE,CDDueFromBorAdjType,L_SYMBOL,CDDueFromBorAdjType,ALIAS
WG_SIM_CD_DUE_FROM_SEL,S_TYPE,CDDueFromSelItemType,L_SYMBOL,CDDueFromSelItemType,ALIAS
WG_SIM_CD_DUE_FROM_SEL_ADJ,S_PAIDBY_TYPE,CDDueFromSelAdjPayer,L_SYMBOL,CDDueFromSelAdjPayer,ALIAS
WG_SIM_CD_DUE_FROM_SEL_ADJ,S_TYPE,CDDueFromSelAdjType,L_SYMBOL,CDDueFromSelAdjType,ALIAS
WG_SIM_CD_PAID_BY_BOR,S_PAIDBY_TYPE,CDPaidByBorItemPayer,L_SYMBOL,CDPaidByBorItemPayer,ALIAS
WG_SIM_CD_PAID_BY_BOR,S_TYPE,CDPaidByBorItemType,L_SYMBOL,CDPaidByBorItemType,ALIAS
WG_SIM_CD_PAID_BY_BOR_ADJ,S_TYPE,CDPaidByBorAdjType,L_SYMBOL,CDPaidByBorAdjType,ALIAS
WG_SIM_CD_PAID_BY_SELLER_ADJ,S_ADJ_TYPE,CDPaidBySelAdjType,L_SYMBOL,CDPaidBySelAdjType,ALIAS
WG_SIM_CD_PAYOFFS_PMTS,S_TYPE,CDPayoffsPmtsType,L_SYMBOL,CDPayoffsPmtsType,ALIAS
WG_SIM_CD_UNPAID_BY_SEL_ADJ,S_TYPE,CDUnpaidBySelAdjType,L_SYMBOL,CDUnpaidBySelAdjType,ALIAS
WG_SIMPLIFILE_MESSAGES,S_MSG_SOURCE,SimpMsgSource,L_SYMBOL,SimpMsgSource,ALIAS
WG_TANGIBLE_NET_BENEFIT,FACTOR_ORIG_LOAN_TYPE,TNB Orig Loan type,L_SYMBOL,TNB Orig Loan type,ALIAS
WG_TANGIBLE_NET_BENEFIT,PREVIOUS_LOAN_PURP,TNB Pre Loan Purp,L_SYMBOL,TNB Pre Loan Purp,ALIAS
WG_TASK_MASTER,S_TASK_TYPE,TS Task Type,L_SYMBOL,TS Task Type,ALIAS
WG_TL_RURALHOUSE,AREA_TYPE,GHP Spec Program,L_SYMBOL,GHP Spec Program,ALIAS
WG_TL_RURALHOUSE,GUAR_DIRECT_LN,GuarDirectLn,L_SYMBOL,GuarDirectLn,ALIAS
WG_TL_RURALHOUSE,GUAR_FEE_PUR_CD,GuarFeePurCode,L_SYMBOL,GuarFeePurCode,ALIAS
WG_TL_RURALHOUSE,INCOME_LIMIT,GHP Limit Program,L_SYMBOL,GHP Limit Program,ALIAS
WG_TL_RURALHOUSE,INT_RT_CODE,IntRateCode,L_SYMBOL,IntRateCode,ALIAS
WG_TL_RURALHOUSE,INTASSISTCODE,IntAssistCode,L_SYMBOL,IntAssistCode,ALIAS
WG_TL_RURALHOUSE,SRCFNDCODE,SrcFndCode,L_SYMBOL,SrcFndCode,ALIAS
WG_TL_RURALOTHER,S_INCTYPE,IncomeTypeR,L_SYMBOL,IncomeTypeR,ALIAS
WG_TLBR_VET_MILT_SERVICE,S_BRANCH,Branch of Service,L_SYMBOL,Branch of Service,ALIAS
WG_TLR_DELIVERY_CODES,S_FHLMC_CODE,ddFHLMCCodeManual,L_SYMBOL,ddFHLMCCodeManual,ALIAS
WG_TLR_DELIVERY_CODES,S_FNMA_CODE,ddFNMACodeManual,L_SYMBOL,ddFNMACodeManual,ALIAS
WG_TLR_GFEREVRSN,REASON_CODE,GFE Revision Reason,L_SYMBOL,GFE Revision Reason,ALIAS
WG_TLR_RECORDING_INFO,BOOK_TYPE,Book Type,L_SYMBOL,Book Type,ALIAS
WG_TLR_RECORDING_INFO,DOCUMENT_TYPE,Document Type,L_SYMBOL,Document Type,ALIAS
WG_TLR_RECORDING_INFO,JURISDICTION_TYPE,Rec Jurisd Type,L_SYMBOL,Rec Jurisd Type,ALIAS
WG_TLR_TITLE_INS,S_TITLESTATUS,Title Status,L_SYMBOL,Title Status,ALIAS
WG_TLR_TITLE_INS,TITLE_PRODUCT_TYPE,Title Product Type,L_SYMBOL,Title Product Type,ALIAS
WG_UCD_CD_SELLER_SIGN,S_SELL_CD_SIGN_TYPE,Sell1 CD Sign Type,L_SYMBOL,Sell1 CD Sign Type,ALIAS
WG_UCD_CD_SIGNATORY,S_BORR_CD_SIGN_TYPE,Borr1 CD Sign Type,L_SYMBOL,Borr1 CD Sign Type,ALIAS
WG_UWC_SUBCONDITIONS,S_COND_META1,UWC Doc Metadata,L_SYMBOL,UWC Doc Metadata,ALIAS
WG_UWC_SUBCONDITIONS,S_COND_META2,UWC Doc Metadata,L_SYMBOL,UWC Doc Metadata,ALIAS
WG_UWC_SUBCONDITIONS,S_COND_META3,UWC Doc Metadata,L_SYMBOL,UWC Doc Metadata,ALIAS
WG_WEATHERIZATION,S_WTHRDES,WeatherizationDesc,L_SYMBOL,WeatherizationDesc,ALIAS
