TABLENAME,COLUMNNAME,LKP_TABLE,LKP_COLUMN,LKP_DISPLAY_COLUMN
APPREQ,APPR_B2G_LIC_TYPE,L_SYMBOL,Appr B2G Lic Type,ALIAS
ARMINFO,S_FNM_INDEX_TYPE,L_SYMBOL,FNM Index Type,ALIAS
ARMINFO,S_FRE_INDEX_TYPE,L_SYMBOL,FRE Index Type,ALIAS
ASSETS,ASSET_VERIFI_TYPE,L_SYMBOL,Asset Verifi Type,ALIAS
ASSETS,S_ACCOUNT_OWNERSHIP,L_SYMBOL,ActOwnShip,ALIAS
ASSETS,S_ASSET,L_SYMBOL,Asset Type,ALIAS
ASSETS,S_GIFT_PRVDR_TYPE,L_SYMBOL,GftAsstProvdrType,ALIAS
ASSGNMT,S_NOTARYTYPE,L_SYMBOL,NotaryTypeOfPresence,ALIAS
BORROWER,FHA_CLASSIFICATION,L_SYMBOL,FHABorClassification,ALIAS
BORROWER,GENDER,L_SYMBOL,Borrower Gender,ALIAS
BORROWER,LIVE_RENT_FREE_ENUMS,L_SYMBOL,LivRentFreeEnums,ALIAS
BORROWER,S_BOR_UNIT_TYPE,L_SYMBOL,Borrower Unit Type,ALIAS
BORROWER,S_BORTYP,L_SYMBOL,Borrower Type,ALIAS
BORROWER,S_CBSOURCE,L_SYMBOL,Credit Rep Source,ALIAS
BORROWER,S_CITIZENSHIP,L_SYMBOL,Citizenship,ALIAS
BORROWER,S_COV_BORR_STATUS,L_SYMBOL,CovBorrStatus,ALIAS
BORROWER,S_IVMETH,L_SYMBOL,Method Of Inv Borr,ALIAS
BORROWER,S_LEGAL_ENTITY_TYP_OTH,L_SYMBOL,Legal Entity Typ Oth,ALIAS
BORROWER,S_LEGAL_ENTITY_TYPE,L_SYMBOL,Legal Entity Type,ALIAS
BORROWER,S_MARITL,L_SYMBOL,Marital Status,ALIAS
BORROWER,S_OWNSHP,L_SYMBOL,BA Own Rights,ALIAS
BORROWER,S_PARTY_TYPE,L_SYMBOL,PartyType,ALIAS
BORROWER,S_UNMARRIED,L_SYMBOL,IsUnmarried,ALIAS
BORROWER,S_UNMARRIED_RLTNSHIP,L_SYMBOL,UNMARRIEDRLTNSHPTYP,ALIAS
BORROWER,S_VESTNG,L_SYMBOL,Borrower Vesting,ALIAS
CL_TL_APPLICATION,S_LOAN_PURPOSE,L_SYMBOL,L Loan Purpose,ALIAS
CLOS_GEN,RECJURTYPE,L_SYMBOL,Rec. Jurisd. Type,ALIAS
CLOS_GEN,S_MORTRET,L_SYMBOL,Mortgage Return,ALIAS
CLOSGOVT,MIPREASN,L_SYMBOL,Reason for Payment,ALIAS
CLOSGOVT,S_REFTYP,L_SYMBOL,Gov. Refinance Type,ALIAS
CLOSGOVT,S_SOA,L_SYMBOL,Section of Act,ALIAS
CLOSGOVT,S_SOANM,L_SYMBOL,Section of Act NM,ALIAS
CLOSNGVA,S_AGENT1,L_SYMBOL,Closing Agent Type,ALIAS
CLOSNGVA,S_AGENT2,L_SYMBOL,Closing Agent Type,ALIAS
CLOSNGVA,S_AGENT3,L_SYMBOL,Closing Agent Type,ALIAS
CLOSNGVA,S_AGENT4,L_SYMBOL,Closing Agent Type,ALIAS
CLOSNGVA,S_AGENT5,L_SYMBOL,Closing Agent Type,ALIAS
COLLECTD,CCARD_TYPE,L_SYMBOL,CCard Type,ALIAS
COLLECTD,PAYMENT_TYPE,L_SYMBOL,Payment Type,ALIAS
COLLECTD,S_METHOD,L_SYMBOL,Collected Method,ALIAS
COLLECTD,S_PAIDBY,L_SYMBOL,Fee Paid By,ALIAS
CONS_GEN,S_ODDDAYS_DEFER,L_SYMBOL,Const. Odd Deferral,ALIAS
CONSREFI,S_CONST_PERM_CLOSING,L_SYMBOL,ConsToPermClosing,ALIAS
CONSREFI,S_CONST_PERM_FEATURE,L_SYMBOL,Const Perm Feature,ALIAS
CONSREFI,S_FNM_REFI_PGM,L_SYMBOL,FNM Refi Pgm,ALIAS
CONSREFI,S_FRE_REFI_PGM,L_SYMBOL,FRE Refi Pgm,ALIAS
CONSREFI,S_GSE_REFINANCE_PURPOSE,L_SYMBOL,GSE Purp of Refi,ALIAS
CONSREFI,S_ORIG_INVESTOR,L_SYMBOL,Original Investor,ALIAS
CONSREFI,S_REFPRP,L_SYMBOL,Purpose of Refinance,ALIAS
DECLRTN,S_BANKRUPTCY_TYPE,L_SYMBOL,BankruptcyChapter,ALIAS
DECLRTN,S_PRPTYP,L_SYMBOL,FTH Occupancy,ALIAS
DECLRTN,S_TITLE,L_SYMBOL,FTH Manner Held,ALIAS
DELIVERY,S_BECA1,L_SYMBOL,BECA 1,ALIAS
DELIVERY,S_BECA2,L_SYMBOL,BECA 2,ALIAS
DELIVERY,S_BECF1,L_SYMBOL,BECF 1,ALIAS
DELIVERY,S_BECF2,L_SYMBOL,BECF 2,ALIAS
DELIVERY,S_CCSRC1,L_SYMBOL,Closing Cost Code 1,ALIAS
DELIVERY,S_CCSRC2,L_SYMBOL,Closing Cost Code 2,ALIAS
DELIVERY,S_CCSRC3,L_SYMBOL,Closing Cost Code 3,ALIAS
DELIVERY,S_CCSRC4,L_SYMBOL,Closing Cost Code 4,ALIAS
DELIVERY,S_DPSRC1,L_SYMBOL,Down Payment Src 1,ALIAS
DELIVERY,S_DPSRC2,L_SYMBOL,Down Payment Src 2,ALIAS
DELIVERY,S_DPSRC3,L_SYMBOL,Down Payment Src 3,ALIAS
DELIVERY,S_DPSRC4,L_SYMBOL,Down Payment Src 4,ALIAS
DELIVERY,S_FNM_HOME_IMP_PROD,L_SYMBOL,FNM Home Imp Prod,ALIAS
DELIVERY,S_INT_ACCRUAL_TYPE,L_SYMBOL,InterestAccrualType,ALIAS
DELIVERY,S_INT_CALC_BASIS_TYPE,L_SYMBOL,Int Calc Basis Type,ALIAS
DELIVERY,S_INT_CALC_METHOD,L_SYMBOL,Interest Calc Type,ALIAS
DELIVERY,S_INT_CALC_PERIOD,L_SYMBOL,Int Calc Period,ALIAS
DELIVERY,S_LFC,L_SYMBOL,Loan Feature Code,ALIAS
DELIVERY,S_RFC,L_SYMBOL,Balloon Round Type,ALIAS
DELIVERY,S_SFSRC1,L_SYMBOL,Secondary Fin 1,ALIAS
DELIVERY,S_SFSRC2,L_SYMBOL,Secondary Fin 2,ALIAS
DELIVERY,S_SIGNDOCPUSHBACK,L_SYMBOL,SignDocPushBack,ALIAS
DELIVERY,S_SPF1,L_SYMBOL,Spec. Feature Code 1,ALIAS
DELIVERY,S_SPF10,L_SYMBOL,Spec. Feature Code10,ALIAS
DELIVERY,S_SPF2,L_SYMBOL,Spec. Feature Code 2,ALIAS
DELIVERY,S_SPF3,L_SYMBOL,Spec. Feature Code 3,ALIAS
DELIVERY,S_SPF4,L_SYMBOL,Spec. Feature Code 4,ALIAS
DELIVERY,S_SPF5,L_SYMBOL,Spec. Feature Code 5,ALIAS
DELIVERY,S_SPF6,L_SYMBOL,Spec. Feature Code 6,ALIAS
DELIVERY,S_SPF7,L_SYMBOL,Spec. Feature Code 7,ALIAS
DELIVERY,S_SPF8,L_SYMBOL,Spec. Feature Code 8,ALIAS
DELIVERY,S_SPF9,L_SYMBOL,Spec. Feature Code 9,ALIAS
DOWNPYMT,S_DOWN_PMT_SRC,L_SYMBOL,Down Payment Src 1,ALIAS
DOWNPYMT,S_DOWN_PMT_SRC_OTH,L_SYMBOL,Downpaymt Src Oth,ALIAS
DOWNPYMT,S_DOWN_PMT_SRC_TYP,L_SYMBOL,Down Pymt Source Typ,ALIAS
DOWNPYMT,S_DOWN_PMT_TYP,L_SYMBOL,Down Pymt Typ,ALIAS
DOWNPYMT,S_TYPE,L_SYMBOL,Downpaymt Type,ALIAS
DOWNPYMT,S_TYPE_OTH,L_SYMBOL,Downpaymt Type Oth,ALIAS
DOWNPYMT,S_TYPENM,L_SYMBOL,Down Payment Type NM,ALIAS
DTLTRAN,S_PURCH_CREDIT_TYPE,L_SYMBOL,Purchase Credit Type,ALIAS
DTLTRAN,S_PURCH_SOURCE_TYPE,L_SYMBOL,Purchase Source Type,ALIAS
DTLTRAN,S_TRAN,L_SYMBOL,Credit Types,ALIAS
DU4LOAN,AGENCYSPLPRODUCTS,L_SYMBOL,Agency SPL Products,ALIAS
DU4LOAN,S_ACT_EST_INDICATOR,L_SYMBOL,Act vs Est Ind,ALIAS
DU4LOAN,S_ARMNUM,L_SYMBOL,FNMA ARM Plan Num,ALIAS
DU4LOAN,S_CRAGENCY,L_SYMBOL,DU4 Credit Agency,ALIAS
DU4LOAN,S_INDEXTYPE,L_SYMBOL,DU4 Index Type,ALIAS
EIS_MTM_PRICINGDATA,PRODUCT,L_SYMBOL,Product,ALIAS
ESCROWHB,S_TYPE,L_SYMBOL,Escrow HB Type,ALIAS
FEEVALS,S_AGGTYPE,L_SYMBOL,Fee Aggregation Type,ALIAS
FEEVALS,S_CHANGE_TYPE,L_SYMBOL,Fee Change Type,ALIAS
FEEVALS,S_PAIDBY,L_SYMBOL,Fee Paid By Type,ALIAS
FEEVALS,S_PAIDTO,L_SYMBOL,Fee Paid To Type,ALIAS
FEEVALS,S_PERIOD,L_SYMBOL,Escrow Period,ALIAS
FEEVALS,S_RESP_PARTY,L_SYMBOL,Fee Resp Party,ALIAS
FEEVALS,S_SECTION_TYPE,L_SYMBOL,Fee ID Section Type,ALIAS
FEEVALS,S_TOLERANCE_CATEGORY,L_SYMBOL,FeeToleranceCategory,ALIAS
FLOOD,S_FIRM,L_SYMBOL,Flood Map Zone,ALIAS
FLOOD,S_FLDZON,L_SYMBOL,Flood Map Zone,ALIAS
FRMDOCS,S_CATEGORY,L_SYMBOL,Document Category,ALIAS
FRMDOCS,S_SIGTYPE,L_SYMBOL,Doc Signature Type,ALIAS
GF_REFIINFO,S_ORIG_LOAN_PURP,L_SYMBOL,Refi Loan Purpose,ALIAS
GF_REFIINFO,S_ORIG_LOAN_TYPE,L_SYMBOL,Refi Loan Type,ALIAS
GF_TL_1008INFO,S_MTG_ORIG,L_SYMBOL,Mtg Org Type,ALIAS
GF_TL_1008INFO,S_RISK_ASSESS,L_SYMBOL,Risk Assessment Type,ALIAS
GF_TL_AUDATA,DU_COMM_LEND_PROD,L_SYMBOL,DU Comm Lend Product,ALIAS
GF_TL_BALLOON_MATURE,S_PERCENT_801,L_SYMBOL,FR_Percent_801,ALIAS
GF_TL_BALLOON_MATURE,S_PERCENT_802,L_SYMBOL,FR_Percent_802,ALIAS
GF_TL_BUYDOWN_SUBSIDY,BUYDN_DISB_TYPE,L_SYMBOL,Buydn Disb Type,ALIAS
GF_TL_BUYDOWN_SUBSIDY,BUYDOWN_CONTRIBUTOR_TYPE,L_SYMBOL,Buydown Contributor,ALIAS
GF_TL_CLOSFHA,S_APPRAISERSELECTTYPE,L_SYMBOL,FHA Apprs Select Typ,ALIAS
GF_TL_CLOSFHA,S_FHA_LOAN_PURPOSE,L_SYMBOL,FHA Loan Purpose,ALIAS
GF_TL_CLOSFHA,S_FHA_TYPE_OF_CASE,L_SYMBOL,FHA Type of Case,ALIAS
GF_TL_CLOSFHA,S_FHABORRCLASS,L_SYMBOL,FHA BorrowerClsType,ALIAS
GF_TL_CLOSFHA,S_FHACASETYPE,L_SYMBOL,FHA Case Type,ALIAS
GF_TL_CLOSFHA,S_INSPTYPE,L_SYMBOL,FHA Inspection Type,ALIAS
GF_TL_CLOSFHA,S_REFITYPE,L_SYMBOL,Refi Type,ALIAS
GF_TL_CLOSGOVT,FHA_AMTYPE,L_SYMBOL,FHA AmortizationType,ALIAS
GF_TL_CLOSGOVT,S_ADP,L_SYMBOL,ADP Code,ALIAS
GF_TL_CLOSGOVT,S_AGENCYTYPE,L_SYMBOL,FHAVA Agency Type,ALIAS
GF_TL_CLOSGOVT,S_CASE_STATUS,L_SYMBOL,FHAVA Case Status,ALIAS
GF_TL_CLOSGOVT,S_EEMHOMETYPE,L_SYMBOL,EEM Home Type,ALIAS
GF_TL_CLOSGOVT,S_FHASPECIALPGM,L_SYMBOL,Special Program,ALIAS
GF_TL_CLOSGOVT,S_FINANCINGTYPE,L_SYMBOL,FHA Finance Type,ALIAS
GF_TL_CLOSGOVT,S_GOVREFITYPE_NM,L_SYMBOL,Gov. Refi Type NM,ALIAS
GF_TL_CLOSGOVT,S_HOUSING_PROGRAM,L_SYMBOL,FHA Housing Program,ALIAS
GF_TL_CLOSGOVT,S_HUD_FLDOFFICE,L_SYMBOL,HUD Field Office,ALIAS
GF_TL_CLOSGOVT,S_PROCCODE,L_SYMBOL,FHAVA Process Type,ALIAS
GF_TL_CLOSING,S_BUSTYPE,L_SYMBOL,Business Type,ALIAS
GF_TL_CLOSING,S_CLS_DOCS_METHOD_OF_DELIV,L_SYMBOL,Clos Docs Meth Deliv,ALIAS
GF_TL_CONSTESCROW,CONDOPUD_TYPE,L_SYMBOL,CondoPudWrnty_Type,ALIAS
GF_TL_CREDIT_SCORE,S_SELDEC,L_SYMBOL,Select Dec,ALIAS
GF_TL_DELIVERY,SF_LENDER_ID_TYPE,L_SYMBOL,SecondaryFin ID Type,ALIAS
GF_TL_DOCUTECH_REQUEST,PACKAGETYPE,L_SYMBOL,DocuTech Package Typ,ALIAS
GF_TL_FUNDING,S_FUNDTYPE,L_SYMBOL,Fund Method,ALIAS
GF_TL_FUNDING,S_INCL_PAYOFF,L_SYMBOL,IncludePayoffInDisb,ALIAS
GF_TL_FUNDING_LETTER,STATUS,L_SYMBOL,Loan Status,ALIAS
GF_TL_GFE_FEE_SNAPSHOT,S_RESP_PARTY,L_SYMBOL,Fee Resp Party,ALIAS
GF_TL_HAMP_ORIGINAL_LOAN,S_PRODUCT,L_SYMBOL,HAMP Orig Product,ALIAS
GF_TL_HAMP_TRACKING,S_DENIAL_REASON,L_SYMBOL,HAMP Denial Reasons,ALIAS
GF_TL_HAMP_TRACKING,S_INVESTOR,L_SYMBOL,GSE Investor,ALIAS
GF_TL_INVESTOR_LOCK,COMMITMENT_PROGRAM,L_SYMBOL,Commitment Program,ALIAS
GF_TL_INVESTOR_LOCK,S_INV_LOCK_PERIOD,L_SYMBOL,InvLk Lock Period,ALIAS
GF_TL_INVESTOR_LOCK,S_INVLK_LOCK_STS,L_SYMBOL,InvLk Lock Status,ALIAS
GF_TL_INVESTOR_LOCK,S_SM_STATUS,L_SYMBOL,SM Status,ALIAS
GF_TL_LOAN_DATA,DMI_BILLING_MODE,L_SYMBOL,DMI Billing Mode,ALIAS
GF_TL_LOAN_DATA,DMI_OWN_RIGHTS,L_SYMBOL,DMI Ownership Rights,ALIAS
GF_TL_LOAN_DATA,S_AUS_RESULT,L_SYMBOL,AUSResult,ALIAS
GF_TL_LOAN_DATA,S_AUSUWTYPE,L_SYMBOL,AUS UW Type,ALIAS
GF_TL_LOAN_DATA,S_BRANCH_TYPE,L_SYMBOL,Branch Type,ALIAS
GF_TL_LOAN_DATA,S_INDEX,L_SYMBOL,ARM Index Type,ALIAS
GF_TL_LOAN_DATA,S_INIT_DISC_DELIVERY_MTHD,L_SYMBOL,Init Disc Dlvry Mthd,ALIAS
GF_TL_LOAN_DATA,S_INTPRD_COMM_MET,L_SYMBOL,Communication Method,ALIAS
GF_TL_LOAN_DATA,S_PAYEETYPE,L_SYMBOL,Loss Payee Type,ALIAS
GF_TL_LOAN_DATA,S_WELCOME_CALL,L_SYMBOL,Welcome Call,ALIAS
GF_TL_LOAN_STATUS,S_LOAN_STATUS,L_SYMBOL,Loan Status,ALIAS
GF_TL_LOAN_STATUS,S_LOCK_STATUS,L_SYMBOL,InvLk Lock Status,ALIAS
GF_TL_PNP_IPG_DETAIL,INV_CODE_OVR,GF_TS_PNP_IPG_INVESTOR,INVESTORCODE,INVESTORNAME
GF_TL_PNP_IPG_DETAIL,INV_PRICE_CODE_OVR,GF_TS_PNP_IPG_PRICING,PRICING_GROUP_CODE,PRICING_GROUP_NAME
GF_TL_PNP_IPG_DETAIL,INV_PROD_CODE_OVR,GF_TS_PNP_IPG_PRODUCT,PRODUCTCODE,PRODUCTNAME
GF_TL_PNP_IPG_DETAIL,INV_PROG_CODE_OVR,GF_TS_PNP_IPG_PROGRAM,PROGRAMCODE,PROGRAMNAME
GF_TL_PNP_IPG_DETAIL,INVESTOR_CODE,GF_TS_PNP_IPG_INVESTOR,INVESTORCODE,INVESTORNAME
GF_TL_PNP_IPG_DETAIL,PRICE_GROUP_CODE,GF_TS_PNP_IPG_PRICING,PRICING_GROUP_CODE,PRICING_GROUP_NAME
GF_TL_PNP_IPG_DETAIL,PRODUCT_CODE,GF_TS_PNP_IPG_PRODUCT,PRODUCTCODE,PRODUCTNAME
GF_TL_PNP_IPG_DETAIL,PROGRAM_CODE,GF_TS_PNP_IPG_PROGRAM,PROGRAMCODE,PROGRAMNAME
GF_TL_PNP_IPG_DETAIL,S_ASSUMABILITY_FEATURE,L_SYMBOL,AssumFeatureCode,ALIAS
GF_TL_PNP_IPG_DETAIL,S_AUS_IND,L_SYMBOL,IPG_AUSIndicator,ALIAS
GF_TL_PNP_IPG_DETAIL,S_PREPAY_PEN,L_SYMBOL,Prepay Penalty Type,ALIAS
GF_TL_PNP_IPG_DETAIL,S_SEC_POOL_TYPE,L_SYMBOL,Cmtmt Pool Type,ALIAS
GF_TL_PNP_IPG_DETAIL,S_SPEC_PROG,L_SYMBOL,IPG Special Program,ALIAS
GF_TL_POINT_OF_SALE_INFO,PER_DIEM_CALC_BASIS,L_SYMBOL,PerDiem Calc Basis,ALIAS
GF_TL_POINT_OF_SALE_INFO,S_DOCLVL,L_SYMBOL,Documentation Level,ALIAS
GF_TL_POINT_OF_SALE_INFO,S_GFE_TIME_ZONE,L_SYMBOL,GFE Time Zone,ALIAS
GF_TL_POINT_OF_SALE_INFO,S_LNSTATUS,L_SYMBOL,Loan Status POS,ALIAS
GF_TL_POINT_OF_SALE_INFO,S_REFSC,L_SYMBOL,REFERRAL SOURCE,ALIAS
GF_TL_PRODUCT_DEFINITION,S_BALL_CON_OPT_TYPE,L_SYMBOL,Balloon Con Opt Type,ALIAS
GF_TL_SECONDARY,S_POOL_STATUS,L_SYMBOL,Pool Status,ALIAS
GF_TL_SUBJPRP,DWELLING_FOUND_TYPE,L_SYMBOL,Dwelling Fndtn Type,ALIAS
GF_TL_SUBJPRP,INDIANCTRYLANDTENOTH,L_SYMBOL,IndianCtryLandTenOth,ALIAS
GF_TL_SUBJPRP,INDIANCTYLANDTENURE,L_SYMBOL,IndianCtryLandTenure,ALIAS
GF_TL_SUBJPRP,PARKING_FACILITY,L_SYMBOL,Parking Facility,ALIAS
GF_TL_SUBJPRP,S_PROP_STATUS,L_SYMBOL,Property Status,ALIAS
GF_TL_SUBJPRP,URLAINDIANCTRYLNDTNR,L_SYMBOL,URLAIndianCtryLand,ALIAS
GF_TL_SUBJPRP,WATERSOURCE,L_SYMBOL,Water source,ALIAS
GF_TL_UW_1,S_EXCEPTSTAT,L_SYMBOL,Exception Status,ALIAS
GF_TL_UW_1,S_REASON,L_SYMBOL,Target Reason,ALIAS
GF_TL_UW_4,CREDIT_SCORE_IMPAIRMENT,L_SYMBOL,Credit Score Impair,ALIAS
GF_TL_UW_4,CREDIT_SELECTION_METHOD,L_SYMBOL,Credit Select Method,ALIAS
GF_TL_UW_COND_IMAGES,S_IMAGE_STATUS,L_SYMBOL,UWCondImageStatus,ALIAS
GF_TL_UWAPPREXT,APP_DELIVERED_DATETYPE,L_SYMBOL,AppraisalDelDateType,ALIAS
GF_TL_UWAPPREXT,S_CAR_STORAGE_TYPE,L_SYMBOL,Car Storage Type,ALIAS
GF_TL_UWAPPREXT,S_FLOODMAPZONE,L_SYMBOL,Flood Map Zone,ALIAS
GF_TL_UWAPPREXT,S_FOUNDATION_TYPE,L_SYMBOL,Foundation Type,ALIAS
GF_TL_UWAPPREXT,S_PROP_LOC_TYPE,L_SYMBOL,Prop Location Type,ALIAS
GF_TL_VOE,EMP_STATUS,L_SYMBOL,Emp Status,ALIAS
GF_TL_VOE,S_VOE_HOW_VERIFIED,L_SYMBOL,VOE How Verified,ALIAS
GF_TL_VOE,S_VOE_VERIF_ACTION,L_SYMBOL,VOE Verification Act,ALIAS
GF_TLB_MAILING,S_MAIL_UNIT_TYPE,L_SYMBOL,Bor Mailing Unit Typ,ALIAS
GF_TLBR_ADDITIONALDATA,ETHINICITY,L_SYMBOL,Borrower Ethnicity,ALIAS
GF_TLBR_ADDITIONALDATA,S_COUNSEL_CONFIRM_OTH,L_SYMBOL,Counsel Confirm Oth,ALIAS
GF_TLBR_ADDITIONALDATA,S_COUNSEL_CONFIRM_TYP,L_SYMBOL,Counsel Confirm Typ,ALIAS
GF_TLBR_ADDITIONALDATA,S_COUNSEL_FORMAT_TYP,L_SYMBOL,Counsel Format Typ,ALIAS
GF_TLBR_ADDITIONALDATA,S_CRDTSCORE_MODEL_OVR,L_SYMBOL,Crdt Sc Model Name,ALIAS
GF_TLBR_ADDITIONALDATA,S_CREDIT_TYPE,L_SYMBOL,Borr Credit Rq Type,ALIAS
GF_TLBR_ADDITIONALDATA,S_FIRSTTIMEHBCOUNSEL,L_SYMBOL,1stTimeHBCounselType,ALIAS
GF_TLBR_ADDITIONALDATA,S_LANGUAGEPREFERENCE,L_SYMBOL,Language Preference,ALIAS
GF_TLBR_ADDITIONALDATA,S_MLA_CREDIT_REPORT_STATUS,L_SYMBOL,Credit Report Status,ALIAS
GF_TLBR_ADDITIONALDATA,S_TITLE,L_SYMBOL,Borrower Title,ALIAS
GF_TLBR_ALIAS,S_BORR_ALIAS,L_SYMBOL,Bor Alias Type,ALIAS
GF_TLBR_ASSIST_PROGRAMS,S_ASSIST_PVDR_TYP,L_SYMBOL,Assist. Provdr Type,ALIAS
GF_TLBR_ASSIST_PROGRAMS,S_ASSIST_TYPE,L_SYMBOL,Assistance Type,ALIAS
GF_TLBR_BORROWERID,IDENTIFICATION_TYPE,L_SYMBOL,Borrower ID Type,ALIAS
GF_TLBR_CREDIT_SCORE,MODEL_TYPE,L_SYMBOL,Res Score Model Type,ALIAS
GF_TLBR_CREDIT_SCORE,REASON_TYPE,L_SYMBOL,Res Score Exl Reason,ALIAS
GF_TLBR_CREDIT_SCORE,SOURCE_TYPE,L_SYMBOL,Res Score Reps Type,ALIAS
GF_TLBR_ETHNICITY,S_ETHNICITY,L_SYMBOL,Borrower Ethnicity,ALIAS
GF_TLBR_MI_RES_BORROWER,PRINT_POSITION_TYPE,L_SYMBOL,MI Bor Prnt Pos,ALIAS
GF_TLBR_RACE,S_RACE,L_SYMBOL,Borrower Race,ALIAS
GF_TLBR_RAW_SCORES,CRDT_SC_EXCLU_REASON,L_SYMBOL,Crdt Sc Exclu Reason,ALIAS
GF_TLBR_RAW_SCORES,CRDT_SC_MODEL_NAME,L_SYMBOL,Crdt Sc Model Name,ALIAS
GF_TLBR_RAW_SCORES,CREDIT_REP_SOURCE,L_SYMBOL,Credit Rep Source,ALIAS
GF_TLBR_SUBETHNICITY,S_SUBETHNICITY,L_SYMBOL,Borrower Sub Ethni,ALIAS
GF_TLBR_SUBRACE,S_SUBRACE,L_SYMBOL,Borrower Sub Race,ALIAS
GF_TLR_CBC_APPRAISAL_REQ,REQSTATUS,L_SYMBOL,CBCAPR ReqStat,ALIAS
GF_TLR_CBC_APPRAISAL_REQ,REQTYPE,L_SYMBOL,CBCAPR ReqType,ALIAS
GF_TLR_CREDIT_ERROR,SOURCE_TYPE,L_SYMBOL,Res Err Source Type,ALIAS
GF_TLR_CREDIT_REPORT_PRICE,TYPE,L_SYMBOL,Crdt Rprt Price Type,ALIAS
GF_TLR_CREDIT_RESPONSE,MERGE_TYPE,L_SYMBOL,Crdt Rprt Merge Type,ALIAS
GF_TLR_CREDIT_RESPONSE,RATEING_CODE_TYPE,L_SYMBOL,Crdt Rprt Rating Ty,ALIAS
GF_TLR_CREDIT_RESPONSE,REPORT_TYPE,L_SYMBOL,Credit Report Type,ALIAS
GF_TLR_DISBURSEMENTS,ACH_ACCOUNT_TYPE,L_SYMBOL,ACHAccountType,ALIAS
GF_TLR_DISBURSEMENTS,ACH_DEBIT_OR_CREDIT,L_SYMBOL,ACHDebitOrCredit,ALIAS
GF_TLR_DISBURSEMENTS,S_FMETHOD,L_SYMBOL,Disb Trans Method,ALIAS
GF_TLR_DISBURSEMENTS,S_FSTATUS,L_SYMBOL,Disb Trans Status,ALIAS
GF_TLR_DISBURSEMENTS,S_TYPE,L_SYMBOL,Disb Instance Type,ALIAS
GF_TLR_FLOOD_DETMN,NFIP_FLOOD_REV_TYPE,L_SYMBOL,NFIP Flood Rev Type,ALIAS
GF_TLR_FLOOD_DETMN,NFIP_STATUS_TYPE,L_SYMBOL,Flood NFIPStatusType,ALIAS
GF_TLR_FLOOD_REQUEST,ACTIONTYPE,L_SYMBOL,FloodReq Action Type,ALIAS
GF_TLR_FLOOD_REQUEST,S_FLDDET,L_SYMBOL,Fld Req Detrmn Type,ALIAS
GF_TLR_HOPE_PREV_LIEN,S_LOAN_PRODUCT_TYPE,L_SYMBOL,HFH Loan ProductType,ALIAS
GF_TLR_HOPE_PREV_LIEN,S_MORT_PROVIDER_TYPE,L_SYMBOL,HFH MortProviderType,ALIAS
GF_TLR_HOPE_PREV_LIEN,S_SHARED_APPR,L_SYMBOL,HFH Shared Apprec,ALIAS
GF_TLR_INSURANCE,COVG_RESOLUTION,L_SYMBOL,Ins Covg Resolution,ALIAS
GF_TLR_INSURANCE,S_ESCINS,L_SYMBOL,Escrow Ins Type,ALIAS
GF_TLR_INSURANCE,S_INSTYPE,L_SYMBOL,Insurance Type,ALIAS
GF_TLR_INSURANCE,SECURED_PARTY_INS,L_SYMBOL,Secured Party Ins,ALIAS
GF_TLR_MI_APP_REQUEST,MI_CERTIFICATE_TYPE,L_SYMBOL,MI Certificate Type,ALIAS
GF_TLR_MI_APP_REQUEST,MI_COVERAGE_PLAN_TYPE,L_SYMBOL,MI Coverage Type,ALIAS
GF_TLR_MI_APP_REQUEST,MI_DURATION_TYPE,L_SYMBOL,MI Duration Code,ALIAS
GF_TLR_MI_APP_REQUEST,MI_INITIAL_PRM_AT_CLSNG_TYPE,L_SYMBOL,MI Initial Prem Typ,ALIAS
GF_TLR_MI_APP_REQUEST,MI_PREM_PAY_TYPE,L_SYMBOL,MIPremiumPaymentType,ALIAS
GF_TLR_MI_APP_REQUEST,MI_PREM_REFUND_TYPE,L_SYMBOL,MIPremiumRefund Type,ALIAS
GF_TLR_MI_APP_REQUEST,MI_PREMIUM_RATE_PLAN_TYPE,L_SYMBOL,MIPrem Rate Plan Typ,ALIAS
GF_TLR_MI_APP_REQUEST,MI_REDUCED_LOAN_DOC_TYPE,L_SYMBOL,MIReducedLoanDoc Typ,ALIAS
GF_TLR_MI_APP_REQUEST,MI_REQUEST_TYPE,L_SYMBOL,MI Request Type,ALIAS
GF_TLR_MI_APP_REQUEST,MI_SUB_PRIME_PROG_TYPE,L_SYMBOL,MISubPrimeProgramTyp,ALIAS
GF_TLR_MI_APP_REQUEST,MIAPPLICATIONTYPE,L_SYMBOL,MI Application Type,ALIAS
GF_TLR_MI_APP_REQUEST,RENEWAL_CALC_TYPE,L_SYMBOL,MI Renewal Calc Type,ALIAS
GF_TLR_MI_PREMIUM_TAX,CODE_TYPE,L_SYMBOL,MIPremiumTaxCodeType,ALIAS
GF_TLR_MI_RES_CONTACT_POINT,TYPE,L_SYMBOL,MI Res Cntct Pnt Typ,ALIAS
GF_TLR_MI_RESPONSE,MI_APPLICATION_TYPE,L_SYMBOL,MIApplicationType,ALIAS
GF_TLR_MI_RESPONSE,MI_CERTIFICATE_TYPE,L_SYMBOL,MICertificateType,ALIAS
GF_TLR_MI_RESPONSE,MI_DECISION_TYPE,L_SYMBOL,MIDecisionType,ALIAS
GF_TLR_MI_RESPONSE,MI_DURATION_TYPE,L_SYMBOL,MIDurationType,ALIAS
GF_TLR_MI_RESPONSE,MI_INITIAL_PREM_PAC_TYPE,L_SYMBOL,MIInitPremPrpdatClTy,ALIAS
GF_TLR_MI_RESPONSE,MI_PREMIUM_PAYMENT_TYPE,L_SYMBOL,MIPremiumPaymentType,ALIAS
GF_TLR_MI_RESPONSE,MI_PREMIUM_RATE_PLAN_TYPE,L_SYMBOL,MIPremiumRatePlanTyp,ALIAS
GF_TLR_MI_RESPONSE,MI_RENEWAL_CALCULATION_TYPE,L_SYMBOL,MIRenewalCalculation,ALIAS
GF_TLR_PROSPECT,LEADSTAT,L_SYMBOL,LeadStatus,ALIAS
GF_TLR_PROSPECT,PRIMTHCT,L_SYMBOL,PrimaryMethContact,ALIAS
GF_TLR_PROSPECT,ZONE,L_SYMBOL,GFE Time Zone,ALIAS
GF_TLR_REG_O,S_EMP_REGO_TYPE,L_SYMBOL,Emp Reg O Type,ALIAS
GF_TLR_REQ_CREDIT_DATA,ACTION_TYPE,L_SYMBOL,Req Credit Action Ty,ALIAS
GF_TLR_REQ_CREDIT_DATA,REPORT_TYPE,L_SYMBOL,Req Cred Report Type,ALIAS
GF_TLR_REQ_CREDIT_DATA,REQUEST_TYPE,L_SYMBOL,Req Crd Request Type,ALIAS
GF_TLR_REQ_CREDIT_INQRY_CMMNT,SOURCE_TYPE,L_SYMBOL,Req Cred Inq Source,ALIAS
GF_TLR_REQ_CREDIT_INQUIRY,CREDIT_BUSINESS_TYPE,L_SYMBOL,Req Cred Inq Bus Typ,ALIAS
GF_TLR_REQ_CREDIT_INQUIRY,INQUIRY_RESULT_TYPE,L_SYMBOL,Req Cred Inq Reslt,ALIAS
GF_TLR_REQ_CREDIT_INQUIRY_REP,SOURCE_TYPE,L_SYMBOL,Req Cred Inq Rep Src,ALIAS
GF_TLR_REQ_CREDIT_INQUIRY_VER,STATUS_TYPE,L_SYMBOL,Req Cred Inq Ver Typ,ALIAS
GF_TLR_REQ_CREDIT_LBLTY_CMMNT,SOURCE_TYPE,L_SYMBOL,Req Cred Lia Source,ALIAS
GF_TLR_REQ_CREDIT_LIAB_REP,SOURCE_TYPE,L_SYMBOL,Req Lia Reps Type,ALIAS
GF_TLR_REQ_CREDIT_LIABILITY,ACCOUNT_STATUS_TYPE,L_SYMBOL,Req Lia Ststus Date,ALIAS
GF_TLR_REQ_CREDIT_LIABILITY,ACCOUNT_TYPE,L_SYMBOL,Req Lia Account Type,ALIAS
GF_TLR_REQ_CREDIT_LIABILITY,CREDIT_BUSINESS_TYPE,L_SYMBOL,Req Lia Crdt Bus Typ,ALIAS
GF_TLR_REQ_CREDIT_LIABILITY,CREDIT_LOAN_TYPE,L_SYMBOL,Req Lia Crdt Loan Ty,ALIAS
GF_TLR_REQ_CREDIT_LIABILITY,CURRENT_RATING_TYPE,L_SYMBOL,Req Lia Rateing Type,ALIAS
GF_TLR_REQ_CREDIT_LIABILITY,OWNERSHIP_TYPE,L_SYMBOL,Req Lia Ownership Ty,ALIAS
GF_TLR_REQ_CREDIT_LIABILITY,RECENT_ADVERSE_TYPE,L_SYMBOL,Req Lia Rcnt Type,ALIAS
GF_TLR_REQ_CREDIT_LIABILITY,TERMS_SOURCE_TYPE,L_SYMBOL,Req Lia Terms Src Ty,ALIAS
GF_TLR_REQ_CREDIT_LIABILITY,VERIFY_STATUS_TYPE,L_SYMBOL,Req Lia Ver Stat Typ,ALIAS
GF_TLR_REQ_CREDIT_PUBLC_CMMNT,SOURCE_TYPE,L_SYMBOL,Req Cred Pub Source,ALIAS
GF_TLR_REQ_CREDIT_PUBLIC,BK_TYPE,L_SYMBOL,Req Pub BK Type,ALIAS
GF_TLR_REQ_CREDIT_PUBLIC,DESPOSITION_TYPE,L_SYMBOL,Req Pub Dspstn Type,ALIAS
GF_TLR_REQ_CREDIT_PUBLIC,PAYMENT_FREQ_TYPE,L_SYMBOL,Req Pub Pymnt Frq Ty,ALIAS
GF_TLR_REQ_CREDIT_PUBLIC,PUBLIC_REC_TYPE,L_SYMBOL,Req Pub Rcrd Type,ALIAS
GF_TLR_REQ_CREDIT_PUBLIC,VER_STATUS_TYPE,L_SYMBOL,Req Pub Ver Stts Typ,ALIAS
GF_TLR_REQ_CREDIT_PUBLIC_REP,SOURCE_TYPE,L_SYMBOL,Req Pub Reps Type,ALIAS
GF_TLR_REQ_LIAB_CONTACT_POINT,CONTACT_TYPE,L_SYMBOL,Req Lia Crd Cnt Type,ALIAS
GF_TLR_REQ_LIAB_CONTACT_POINT,ROLE_TYPE,L_SYMBOL,Req Lia Crd Cnt Role,ALIAS
GF_TLR_REQ_LIAB_PRIOR_ADV,TYPE,L_SYMBOL,Req Lia Pri Adv Type,ALIAS
GF_TLR_REQ_SCORE_MODEL,MODEL_TYPE,L_SYMBOL,Req Score Model Type,ALIAS
GF_TLR_RES_BORROWER,MARTIAL_STATUS_TYPE,L_SYMBOL,Res Brwr Marital Typ,ALIAS
GF_TLR_RES_BORROWER,PRINT_POSITION_TYPE,L_SYMBOL,Res Brwr Print Pos,ALIAS
GF_TLR_RES_BUREAU_CONTACT_PNT,CONTACT_TYPE,L_SYMBOL,Req Lia Crd Cnt Type,ALIAS
GF_TLR_RES_BUREAU_CONTACT_PNT,ROLE_TYPE,L_SYMBOL,Req Lia Crd Cnt Role,ALIAS
GF_TLR_RES_CREDIT_DATA,ACTION_TYPE,L_SYMBOL,Res Credit Action Ty,ALIAS
GF_TLR_RES_CREDIT_DATA,REPORT_TYPE,L_SYMBOL,Res Cred Report Type,ALIAS
GF_TLR_RES_CREDIT_DATA,REQUEST_TYPE,L_SYMBOL,Res Crd Request Type,ALIAS
GF_TLR_RES_CREDIT_FILE,S_RESULTSTATUSTYPE,L_SYMBOL,CF_ResultStatusType,ALIAS
GF_TLR_RES_CREDIT_FILE_ALRT,S_CATAGORYTYPE,L_SYMBOL,CFA_CatagoryType,ALIAS
GF_TLR_RES_CREDIT_INQRY_CMNT,SOURCE_TYPE,L_SYMBOL,Res Cred Inq Source,ALIAS
GF_TLR_RES_CREDIT_INQUIRY,CREDIT_BUSINESS_TYPE,L_SYMBOL,Res Cred Inq Bus Typ,ALIAS
GF_TLR_RES_CREDIT_INQUIRY,INQUIRY_RESULT_TYPE,L_SYMBOL,Res Cred Inq Reslt,ALIAS
GF_TLR_RES_CREDIT_INQUIRY_REP,SOURCE_TYPE,L_SYMBOL,Res Cred Inq Rep Src,ALIAS
GF_TLR_RES_CREDIT_INQUIRY_VER,STATUS_TYPE,L_SYMBOL,res Cred Inq Ver Typ,ALIAS
GF_TLR_RES_CREDIT_LBLTY_CMNT,SOURCE_TYPE,L_SYMBOL,Res Cred Lia Source,ALIAS
GF_TLR_RES_CREDIT_LIAB_REP,SOURCE_TYPE,L_SYMBOL,Res Lia Reps Type,ALIAS
GF_TLR_RES_CREDIT_LIABILITY,ACCOUNT_STATUS_TYPE,L_SYMBOL,res Lia Ststus Date,ALIAS
GF_TLR_RES_CREDIT_LIABILITY,ACCOUNT_TYPE,L_SYMBOL,res Lia Account Type,ALIAS
GF_TLR_RES_CREDIT_LIABILITY,CREDIT_BUSINESS_TYPE,L_SYMBOL,res Lia Crdt Bus Typ,ALIAS
GF_TLR_RES_CREDIT_LIABILITY,CREDIT_LOAN_TYPE,L_SYMBOL,res Lia Crdt Loan Ty,ALIAS
GF_TLR_RES_CREDIT_LIABILITY,CURRENT_RATING_TYPE,L_SYMBOL,res Lia Rateing Type,ALIAS
GF_TLR_RES_CREDIT_LIABILITY,HIGHEST_ADVERSE_TYPE,L_SYMBOL,res Lia Highest Type,ALIAS
GF_TLR_RES_CREDIT_LIABILITY,OWNERSHIP_TYPE,L_SYMBOL,res Lia Ownership Ty,ALIAS
GF_TLR_RES_CREDIT_LIABILITY,RECENT_ADVERSE_TYPE,L_SYMBOL,res Lia Rcnt Type,ALIAS
GF_TLR_RES_CREDIT_LIABILITY,TERMS_SOURCE_TYPE,L_SYMBOL,res Lia Terms Src Ty,ALIAS
GF_TLR_RES_CREDIT_LIABILITY,VERIFY_STATUS_TYPE,L_SYMBOL,res Lia Ver Stat Typ,ALIAS
GF_TLR_RES_CREDIT_PBLC_CMNT,SOURCE_TYPE,L_SYMBOL,Res Cred Pub Source,ALIAS
GF_TLR_RES_CREDIT_PUBLIC,BK_TYPE,L_SYMBOL,Res Pub BK Type,ALIAS
GF_TLR_RES_CREDIT_PUBLIC,DESPOSITION_TYPE,L_SYMBOL,Res Pub Dspstn Type,ALIAS
GF_TLR_RES_CREDIT_PUBLIC,PAYMENT_FREQ_TYPE,L_SYMBOL,Res Pub Pymnt Frq Ty,ALIAS
GF_TLR_RES_CREDIT_PUBLIC,PUBLIC_REC_TYPE,L_SYMBOL,Res Pub Rcrd Type,ALIAS
GF_TLR_RES_CREDIT_PUBLIC,VER_STATUS_TYPE,L_SYMBOL,Res Pub Ver Stts Typ,ALIAS
GF_TLR_RES_CREDIT_PUBLIC_REP,SOURCE_TYPE,L_SYMBOL,Res Pub Reps Type,ALIAS
GF_TLR_RES_FLD_FC_PNT,CONTACT_TYPE,L_SYMBOL,FloodRes FulCnt Type,ALIAS
GF_TLR_RES_FLD_FC_PNT,ROLE_TYPE,L_SYMBOL,FloodRes FulCnt Role,ALIAS
GF_TLR_RES_FLOOD_PROP,PROP_LEGAL_DES_TYPE,L_SYMBOL,Prop Legal Des Type,ALIAS
GF_TLR_RES_FLOOD_PROP,PROP_TITLE_CAT_TYPE,L_SYMBOL,Prop Title Cat Type,ALIAS
GF_TLR_RES_LANDLORD,VERIFY_STATUS_TYPE,L_SYMBOL,Res Lndlrd Ver Stat,ALIAS
GF_TLR_RES_LANDLORD_CNTCT_PNT,CONTACT_TYPE,L_SYMBOL,Res Lndlrd Cnt Type,ALIAS
GF_TLR_RES_LANDLORD_CNTCT_PNT,ROLE_TYPE,L_SYMBOL,Res Lndlrd Cnt Role,ALIAS
GF_TLR_RES_LIAB_CONTACT_POINT,CONTACT_TYPE,L_SYMBOL,Res Lia Crd Cnt Type,ALIAS
GF_TLR_RES_LIAB_CONTACT_POINT,ROLE_TYPE,L_SYMBOL,Res Lia Crd Cnt Role,ALIAS
GF_TLR_RES_LIAB_PRIOR_ADV,TYPE,L_SYMBOL,Res Lia Pri Adv Type,ALIAS
GF_TLR_RES_REQ_PARTY_CNTCT_PNT,CONTACT_TYPE,L_SYMBOL,Res Req Prt Cnt Type,ALIAS
GF_TLR_RES_REQ_PARTY_CNTCT_PNT,ROLE_TYPE,L_SYMBOL,Res Req Prty Cnt Rol,ALIAS
GF_TLR_RES_RESIDENCE,RENT_RATING_TYPE,L_SYMBOL,Res Brwr Rnt Rtng Ty,ALIAS
GF_TLR_RES_RESIDENCE,RESIDENCY_BASIS_TYPE,L_SYMBOL,Res Brwr Residency T,ALIAS
GF_TLR_RES_RESIDENCE,RESIDENCY_TYPE,L_SYMBOL,Res Brwr Rsdn Type,ALIAS
GF_TLR_RES_SCORE_MODEL,MODEL_TYPE,L_SYMBOL,Res Score Model Type,ALIAS
GF_TLR_RSP_LP_LOANFDBCK,S_CRWELIGIBILITYTYPE,L_SYMBOL,CRandWRelifeStaus,ALIAS
GF_TLR_SERVICE_PAYMENT,PAYMENT_METHOD_TYPE,L_SYMBOL,Req Paymnt Meth Type,ALIAS
GF_TLR_TAXITEMS,S_ESCTAX,L_SYMBOL,Escrow Tax Type,ALIAS
GF_TLR_TAXITEMS,S_TAXTYPE,L_SYMBOL,Tax Type,ALIAS
GF_TLR_TAXITEMS,SFREQUENCY,L_SYMBOL,Tax Frequency,ALIAS
GF_TLR_TITLE_ENDORSEMENT,S_TTLEND_INFO,L_SYMBOL,Ttl Endorsement Info,ALIAS
GF_TLR_TITLE_ENDORSEMENT,TTLEND_SOURCE_TYPE,L_SYMBOL,teSourceType,ALIAS
GF_TLR_TL_FUL_CNTS,S_TYPE,L_SYMBOL,FullfillmentConType,ALIAS
GF_TRACKING,S_ITEM,L_SYMBOL,Tracking_Item,ALIAS
GF_TRACKING,S_STATUS,L_SYMBOL,Tracking_Status,ALIAS
GF_TS_ASSIST_PROGRAMS,S_AP_ASSIST_TYPE,L_SYMBOL,AP Assist Type,ALIAS
GF_TS_ASSIST_PROGRAMS,S_AP_RATE_TYPE,L_SYMBOL,AP Rate Type,ALIAS
GF_TS_CMS_ACCNTING,S_CLOSTYPE,L_SYMBOL,CMS Closing Type,ALIAS
GF_TS_CMS_ACCNTING,S_SELLCL,L_SYMBOL,CMS Sell Cls Ln Stat,ALIAS
GF_TS_CMS_APPROVAL,S_APRV_LEVEL,L_SYMBOL,CMS Aprv Level,ALIAS
GF_TS_CMS_APPROVAL,S_APRV_STATUS,L_SYMBOL,CMS Aprv Status,ALIAS
GF_TS_CMS_APPROVAL,S_EOGENDER,L_SYMBOL,CMS Aprv EO Gender,ALIAS
GF_TS_CMS_APPROVAL,S_EORACE,L_SYMBOL,CMS Aprv EO Race,ALIAS
GF_TS_CMS_APPROVAL_DTL,S_APPRSTAT,L_SYMBOL,CMS Apv Aprvl Status,ALIAS
GF_TS_CMS_BROKER,S_BRKTYP,L_SYMBOL,CMS Broker Type,ALIAS
GF_TS_CMS_BROKER,S_ENTITY_TYPE,L_SYMBOL,Broker Entity Type,ALIAS
GF_TS_CMS_BROKER,S_OWNERSHIP,L_SYMBOL,CMS Ownership,ALIAS
GF_TS_CMS_BROKER,S_RTSHT,L_SYMBOL,CMS Rate Sheet,ALIAS
GF_TS_CMS_CONTACT_ADDRESS,S_ADDRTYPE,L_SYMBOL,CMSAddressType,ALIAS
GF_TS_CMS_CONTACT_ADDRESS,S_CMSADR_UNIT_TYPE,L_SYMBOL,CMSADR Unit Type,ALIAS
GF_TS_CMS_CONTACT_EMAIL,S_EMAILTYPE,L_SYMBOL,CMSEmailType,ALIAS
GF_TS_CMS_CONTACT_INFO,S_CMSSTATUS,L_SYMBOL,CMSStatus,ALIAS
GF_TS_CMS_CONTACT_INFO,S_TITLE,L_SYMBOL,CMSTitle,ALIAS
GF_TS_CMS_CONTACT_PHONE,S_PHONETYPE,L_SYMBOL,CMSPhoneType,ALIAS
GF_TS_CMS_CONTACT_TYPE,S_CMSTYPE,L_SYMBOL,CMSType,ALIAS
GF_TS_CMS_CONTACT_URL,S_URLTYPE,L_SYMBOL,CMSURLType,ALIAS
GF_TS_CMS_COST_CENTERS,S_COST_CENTER,L_SYMBOL,CMS Cost Ctr Type,ALIAS
GF_TS_CMS_INFOBYTYPE,S_CMSTYPE,L_SYMBOL,CMSType,ALIAS
GF_TS_CMS_INFOBYTYPE,S_GRADE,L_SYMBOL,CMS Info Grade,ALIAS
GF_TS_CMS_INFOBYTYPE,S_STATUS,L_SYMBOL,CMS Status by Type,ALIAS
GF_TS_CMS_INFOBYTYPE,S_TYPE_OF_COMPANY,L_SYMBOL,CMS Type of Company,ALIAS
GF_TS_CMS_LENDER,LENDERSTCODE,L_SYMBOL,LenderStCode,ALIAS
GF_TS_CMS_LENDING_GUIDES,S_GUIDELINE_TYPE,L_SYMBOL,CSG Guide Type,ALIAS
GF_TS_CMS_MONITOR,S_MONSTATUS,L_SYMBOL,Monstat Status,ALIAS
GF_TS_CMS_ORG_DATA,S_BRANCH_TYPE,L_SYMBOL,CMS Branch Type,ALIAS
GF_TS_CMS_REGION_PRICE_DATA,S_PRICING_REGION_C,L_SYMBOL,CMS Reg PricingReg C,ALIAS
GF_TS_CMS_REGION_PRICE_DATA,S_PRICING_TIER_C,L_SYMBOL,CMS Reg PricingTierC,ALIAS
GF_TS_CMS_REMARKS,S_REMCATEGORY,L_SYMBOL,CMS Remarks Category,ALIAS
GF_TS_CMS_REMARKS,S_REMTYPE,L_SYMBOL,CMS Remarks Type,ALIAS
GF_TS_CMS_STSLICNS,S_CLSCD,L_SYMBOL,Class Code,ALIAS
GF_TS_CMS_STSLICNS,S_STAT,L_SYMBOL,Stlic Status,ALIAS
GF_TS_CMS_WHLINE,S_WHL_STATUS,L_SYMBOL,CWH Line Status,ALIAS
GF_TS_CMS_WIREINFO,S_ACCTSTAT,L_SYMBOL,CMS Wire Acct Stat,ALIAS
GF_TS_COMMITMENT,LOAN_TYP,L_SYMBOL,Loan Type,ALIAS
GF_TS_INDEX_VALUE,S_INDEX,L_SYMBOL,Setup Index,ALIAS
GF_TS_LMS_LEAD_INFO,S_MKT_CAMPAIGN,L_SYMBOL,Lead Market Campaign,ALIAS
GF_TS_MESSAGE,S_MSGTYPE,L_SYMBOL,Message Type,ALIAS
GF_TS_MESSAGE,S_RECIPIENTTYPE,L_SYMBOL,Recipient Type,ALIAS
GF_TS_RATE_SUBSIDY_INFO,S_BUSCHNL,L_SYMBOL,Business Channel,ALIAS
GF_TS_WF_GROUP_USER,S_PROC_GROUP,L_SYMBOL,WFS PROC GROUP,ALIAS
GF_TS_WF_GROUP_USER,S_USER_TYPE,L_SYMBOL,WF GU User Type,ALIAS
GF_TS_WF_PROC_GROUP,S_DIST_METHOD,L_SYMBOL,WF PG Dist Method,ALIAS
GF_TS_WF_PROC_GROUP,S_GROUP_TYPE,L_SYMBOL,WFS GROUP TYPE,ALIAS
GF_TS_WF_PROCESS,S_PROCESS,L_SYMBOL,WFS PROCESS,ALIAS
GF_TS_WF_PROCESS_MODEL,S_PROCESS_MODEL,L_SYMBOL,WFS PROCESS MODEL,ALIAS
GF_TS_WF_USER_SCHED_EXCP,S_EXCEPTION_TYPE,L_SYMBOL,WF USE Excp Type,ALIAS
GF_TS_WF_WORKTYPE,S_REASSIGN_RULE,L_SYMBOL,WFS REASSIGN RULE,ALIAS
GF_TS_WF_WORKTYPE,S_USERINTERFACE,L_SYMBOL,Activities,ALIAS
GF_TS_WF_WORKTYPE,S_WORKTYPE,L_SYMBOL,WFS WORKTYPE,ALIAS
GF_TS_WF_WORKTYPE,S_WT_TYPE,L_SYMBOL,WFS WORKTYPE TYPE,ALIAS
GF_TSR_PNP_IPG_BASE,S_ASSUMABILITY_FEATURE,L_SYMBOL,AssumFeatureCode,ALIAS
GF_TSR_PNP_IPG_BASE,S_AUS_INDICATOR,L_SYMBOL,IPG_AUSIndicator,ALIAS
GF_TSR_PNP_IPG_BASE,S_BUYDWN_CNTRBTR,L_SYMBOL,Buydown Contributor,ALIAS
GF_TSR_PNP_IPG_BASE,S_CONST_PROGRAM,L_SYMBOL,ConstProgram,ALIAS
GF_TSR_PNP_IPG_BASE,S_IPG_BUYDWN,L_SYMBOL,Buydown,ALIAS
GF_TSR_PNP_IPG_BASE,S_LOANFIT_AMT_GROUP,L_SYMBOL,LoanFit Amt Grp,ALIAS
GF_TSR_PNP_IPG_BASE,S_LOANFIT_LIEN_CAT,L_SYMBOL,LoanFit Lien Cat,ALIAS
GF_TSR_PNP_IPG_BASE,S_LOANFIT_LTV_GROUP,L_SYMBOL,LoanFit LTV Grp,ALIAS
GF_TSR_PNP_IPG_BASE,S_LOANFIT_PROD_CAT,L_SYMBOL,LoanFit Product Cat,ALIAS
GF_TSR_PNP_IPG_BASE,S_LOANFIT_PURP_CAT,L_SYMBOL,LoanFit Purpose,ALIAS
GF_TSR_PNP_IPG_BASE,S_SERVICE_TYPE_IND,L_SYMBOL,USIPPServiceTypeInd,ALIAS
GF_TSR_PNP_IPG_BASE,S_SPEC_PRG,L_SYMBOL,IPG_SpecialProgram,ALIAS
GF_TSR_PNP_IPG_BASE_SLR,S_LIMIT_TYPE,L_SYMBOL,IPGS Limit Type,ALIAS
GF_TW_WF_ACTION_MGR,S_ACTION_RESOLUTION,L_SYMBOL,WFS RESOLUTION,ALIAS
GF_TW_WF_ACTION_MGR,S_PROC_GROUP,L_SYMBOL,WFS PROC GROUP,ALIAS
GF_TW_WF_ACTION_MGR,S_PROC_MDL_RESOLUTION,L_SYMBOL,WFS PM RESOLUTION,ALIAS
GF_TW_WF_ACTION_MGR,S_WORKTYPE,L_SYMBOL,WFS WORKTYPE,ALIAS
GF_TW_WF_PROC_MODEL_MGR,S_PROC_GROUP,L_SYMBOL,WFS PROC GROUP,ALIAS
GF_TW_WF_PROC_MODEL_MGR,S_PROC_MDL_MGR_RESOLUTION,L_SYMBOL,WFS PM RESOLUTION,ALIAS
GF_TW_WF_PROC_MODEL_MGR,S_PROCESS_MODEL,L_SYMBOL,WFS PROCESS MODEL,ALIAS
GF_TW_WF_PROCESS_MGR,S_PROC_GROUP,L_SYMBOL,WFS PROC GROUP,ALIAS
GF_TW_WF_PROCESS_MGR,S_PROCESS,L_SYMBOL,WFS PROCESS,ALIAS
GIFT,S_GIFTSOURCETYPE,L_SYMBOL,Gift Source Type,ALIAS
GIFT,S_TYPE,L_SYMBOL,Gift Type,ALIAS
HELOC,S_FUNDS_TO_BE_DRAWN,L_SYMBOL,Fnds_ToBe_DrwnBy,ALIAS
HELOC,S_LOCTYPE,L_SYMBOL,Line Of Credit Type,ALIAS
HELOC,S_REPAYMENT_METHOD,L_SYMBOL,HeRepaymentMethod,ALIAS
HELOC2,S_RTC_TYPE,L_SYMBOL,HELOC RTC Type,ALIAS
HMDAINFO,REPORTABLEYROVR,L_SYMBOL,HMDA Report Override,ALIAS
HMDAXPRT,S_CUSTOMQRY,L_SYMBOL,Custom Filter Name,ALIAS
HUD54111,S_ENDORAUTH,L_SYMBOL,Endorsement Auth,ALIAS
HUD54111,S_ENDORSEMENT,L_SYMBOL,Endorsement Status,ALIAS
HUD54111,S_FHA_PROGRAMID,L_SYMBOL,FHA Program ID,ALIAS
IMPRVMTS,IMPDES,L_SYMBOL,Imprv Description,ALIAS
INCOME,S_INCOME,L_SYMBOL,Income Type,ALIAS
INCOME,S_JOB_TYPE,L_SYMBOL,Type of Job,ALIAS
INCOME,S_PAYPER,L_SYMBOL,Income Period,ALIAS
Income,S_SELFEMPTYPE,L_SYMBOL,SelfEmpType,ALIAS
INCOME,S_SPECBOREMPRELTYPE,L_SYMBOL,SpecialBorEmpRel,ALIAS
INCOME,VERIFICATION_TYPE,L_SYMBOL,Verification Type,ALIAS
LIABLTY,DEBT_VERIFI_TYPE,L_SYMBOL,Debt Verifi Type,ALIAS
LIABLTY,OWNERSHP_TYPE,L_SYMBOL,res Lia Ownership Ty,ALIAS
LIABLTY,REFIN_SERV_SYS,L_SYMBOL,Refi Servicing Sys,ALIAS
LIABLTY,S_ACCOUNT_OWNERSHIP,L_SYMBOL,LiabAcctOwnership,ALIAS
LIABLTY,S_CREDIT_CARD_TYPE,L_SYMBOL,Credit Card Type,ALIAS
LIABLTY,S_EXCLUSION_REASON,L_SYMBOL,Debt Excluded Reason,ALIAS
LIABLTY,S_LIAB,L_SYMBOL,Debt Type,ALIAS
LIABLTY,S_LIABILITYDISBTYPE,L_SYMBOL,Liability Disb Type,ALIAS
LIABLTY,S_LIENPS,L_SYMBOL,Debt Lien Position,ALIAS
LIABLTY,S_MTG_TYPE,L_SYMBOL,Debt Mortgage Type,ALIAS
LIABLTY,S_PAYPER,L_SYMBOL,Debt Period,ALIAS
LN_CATSTAT,S_CATSTAT,L_SYMBOL,Category Status,ALIAS
LN_TRKDOC,S_DOC_RESP_PRTY,L_SYMBOL,Responsible Party,ALIAS
LN_TRKDOCH,RESPARTY,L_SYMBOL,Responsible Party,ALIAS
LN_TRKDOCH,S_DOCLOCATION,L_SYMBOL,Document Location,ALIAS
LN_TRKDOCH,S_DOCSTATUS,L_SYMBOL,Document Status,ALIAS
LOANQUEUE,PPPTYPE,L_SYMBOL,Prepay Penalty Type,ALIAS
LOANQUEUE,QUALCODE,L_SYMBOL,Program,ALIAS
LOANQUEUE,S_LIENPO,L_SYMBOL,Lien Position,ALIAS
LOANQUEUE,S_MICODE,L_SYMBOL,MI Code,ALIAS
LOANQUEUE,S_PROD,L_SYMBOL,Loan Type,ALIAS
LOANQUEUE,S_PRPTYP,L_SYMBOL,Property,ALIAS
LOANQUEUE,S_PURP,L_SYMBOL,Purpose,ALIAS
LOANQUEUE,S_RESTYP,L_SYMBOL,Occupancy,ALIAS
LOANSERVC,S_INV_REMIT_TYPE,L_SYMBOL,Inv Remittance Type,ALIAS
LOWMOD,PRODUCT,L_SYMBOL,DU Comm Lend Product,ALIAS
LOWMOD,S_COMMSEC,L_SYMBOL,DU4 Comm Sec. Struct,ALIAS
LOWMOD,S_COUNSEL_INDICATOR,L_SYMBOL,CounselIndicator,ALIAS
LP2_INFO,S_CREDITCOMPANY,L_SYMBOL,LP Merged Cred Cmpny,ALIAS
LP2_INFO,S_PRP_METHOD,L_SYMBOL,UW Prop Val Mth Type,ALIAS
LP2_INFO,S_PRPMETHODESC,L_SYMBOL,Prop Val Mt Othr Des,ALIAS
LP2_INFO,S_TECHAFFILIATE,L_SYMBOL,Technical Affiliate,ALIAS
LP2E_FMDEF,FMDEF16,L_SYMBOL,LP2 Loan Def4 Option,ALIAS
LP2E_LOAN,S_AFFPRD,L_SYMBOL,Affordable Product,ALIAS
LP2E_LOAN,S_BYDWNC,L_SYMBOL,Buydown Contributor,ALIAS
LPLNSPEC,S_BLDST,L_SYMBOL,Building Status Type,ALIAS
MAILING,MAILCOUNTRY,L_SYMBOL,Mailing Country,ALIAS
MANPRP,S_CONDITION,L_SYMBOL,Mfg Condition,ALIAS
MANPRP,S_CONV_STATUS,L_SYMBOL,Conv Status,ALIAS
MANPRP,S_LOT_OWN_TYPE,L_SYMBOL,Lot Own Type,ALIAS
MANPRP,S_SECURED_PROPTYPE,L_SYMBOL,Secured Prop Type,ALIAS
MCAWINFO,S_BLDSTA,L_SYMBOL,MCAW Building Status,ALIAS
MCAWINFO,S_IDENTITY,L_SYMBOL,Identity Exception,ALIAS
MI_RENEWAL_PREMIUM,SEQUENCE_TYPE,L_SYMBOL,MIRenewalPremiumSeq,ALIAS
MIDATA,CERTTYPE,L_SYMBOL,MI Certificate Type,ALIAS
MIDATA,COVERTYPE,L_SYMBOL,MI Coverage Type,ALIAS
MIDATA,DURACODE,L_SYMBOL,MI Duration Code,ALIAS
MIDATA,RENEWAL_CALC_TYPE,L_SYMBOL,MI Renewal Calc Type,ALIAS
MIDATA,S_MI_PREMIUM_AT_CLOSING_TYP,L_SYMBOL,MI Initial Prem Typ,ALIAS
MIDATA,S_MI_RATE_PLAN_TYPE,L_SYMBOL,MIRatePlanTyp,ALIAS
MIDATA,S_MIAPPTYPE,L_SYMBOL,MI Application Type,ALIAS
MIDATA,S_MICODE,L_SYMBOL,MI Code,ALIAS
MIDATA,S_MIPREM_REFUND_TYPE,L_SYMBOL,MIPremiumRefund Type,ALIAS
MIDATA,S_MIPRMS,L_SYMBOL,MI Premium Source,ALIAS
MIDATA,S_MISTRM,L_SYMBOL,MI Stream,ALIAS
PREVRES,S_LIVE_RENT_FREE_ENUMS,L_SYMBOL,PrevLivRentFreeEnums,ALIAS
PREVRES,S_OWNRNT,L_SYMBOL,BA Own Rights,ALIAS
PREVRES,S_RES_UNIT_TYPE,L_SYMBOL,Previous Unit Type,ALIAS
PRODUCT,S_203KTYPE,L_SYMBOL,203K Type,ALIAS
PRODUCT,S_AMORT_SUB_TYPE,L_SYMBOL,Amortization SubType,ALIAS
PRODUCT,S_AMTYPE,L_SYMBOL,Amortization Type,ALIAS
PRODUCT,S_BALLOON_TYPE,L_SYMBOL,Balloon Type,ALIAS
PRODUCT,S_BYDOWN,L_SYMBOL,Buydown,ALIAS
PRODUCT,S_LCKTYP,L_SYMBOL,Lock Type,ALIAS
PRODUCT,S_LTYPE,L_SYMBOL,Loan Type,ALIAS
PRODUCT,S_MIPLAN,L_SYMBOL,MI Plan,ALIAS
PRODUCT,S_MORTGAGETYPE,L_SYMBOL,Mortgage Type,ALIAS
PRODUCT,S_PMTSTR,L_SYMBOL,Payment Stream,ALIAS
PRODUCT,S_PPY_FILTER,L_SYMBOL,PPY Filter,ALIAS
PRODUCT,S_PRICING_CHANNEL,L_SYMBOL,Pricing Channel,ALIAS
PRODUCT,S_PROD,L_SYMBOL,Product,ALIAS
PRODUCT,S_PROD_PRICE_ENGINE,L_SYMBOL,Prod Pricing Engine,ALIAS
PRODUCT,S_PROD_PRICE_ENGINE_OVR,L_SYMBOL,ProdPrice Engine Ovr,ALIAS
PRODUCT,S_PROGRM,L_SYMBOL,Program,ALIAS
PRODUCT,S_QRATE,L_SYMBOL,QR Description,ALIAS
PRODUCT,S_QUALMETHODOVR,L_SYMBOL,Qualify Method Ovr,ALIAS
PRODUCT,S_RATE,L_SYMBOL,IntRateCode,ALIAS
PRODUCT,S_RATIO,L_SYMBOL,Ratios,ALIAS
PRODUCT,S_RTCODE,RATECODE,RATECODE,RATECODE
PRODUCT,S_RTCODEOVR,RATECODE,RATECODE,RATECODE
REOWNED,S_ACCOUNT_OWNERSHIP,L_SYMBOL,REOAccountOwnership,ALIAS
REOWNED,S_ONRSHP,L_SYMBOL,RE Own Rights,ALIAS
REOWNED,S_REO_CURR_PROP_USAGE,L_SYMBOL,REO Curr Prop Usage,ALIAS
REOWNED,S_REO_INTEND_OCCUPANCY,L_SYMBOL,REO Intend Occupancy,ALIAS
REOWNED,S_REOPST,L_SYMBOL,REO Status,ALIAS
REOWNED,S_REOTYP,L_SYMBOL,REO Type,ALIAS
REOWNED,UNITTYPEREO,L_SYMBOL,REO Unit Type,ALIAS
REOWNED,VERIF_DEBT_TYPE,L_SYMBOL,REODebtVerifyType,ALIAS
REOWNED,VERIF_INCOME_TYPE,L_SYMBOL,REOIncomeVerifyType,ALIAS
SELLER,S_BOR_SELLER_OPTION,L_SYMBOL,BorSellerOptn,ALIAS
SELLER,S_IDENTIFICATION_TYPE,L_SYMBOL,Seller ID Type,ALIAS
SELLER,S_SEL_UNIT_TYPE,L_SYMBOL,Seller Unit Type,ALIAS
SELLR_REPRESEN_INFO,S_SLR_CAP_TYPE,L_SYMBOL,SlrRepCapType,ALIAS
SELLR_REPRESEN_INFO,S_SLR_ENTY_TYPE,L_SYMBOL,SlrRepEntyType,ALIAS
SERVICNG,S_SERVICING_STATUS,L_SYMBOL,ServicingStatus,ALIAS
SERVICNG,SERVICING_TYPE,L_SYMBOL,Servicing Type,ALIAS
STSLICNS,S_CLSCD,L_SYMBOL,Class Code,ALIAS
STSPECFC,WI_TAX_OPTION,L_SYMBOL,WI Tax Option Code,ALIAS
SUBJPRP,PROP_TITLE_CATEGORY_TYPE,L_SYMBOL,LN Prop Title Type,ALIAS
SUBJPRP,RENTINC_VERIFY_TYPE,L_SYMBOL,RentalVerifyType,ALIAS
SUBJPRP,S_APPRMTHDREQ,L_SYMBOL,ApprMethodReqrd,ALIAS
SUBJPRP,S_APPRMTHDREQOVR,L_SYMBOL,UW Prop Val Mth Type,ALIAS
SUBJPRP,S_ATTACHMENT_TYPE,L_SYMBOL,Attachment Type,ALIAS
SUBJPRP,S_CATEGORYTYPE,L_SYMBOL,CategoryType,ALIAS
SUBJPRP,S_CONDO_PROJECT_STATUS,L_SYMBOL,Condo Project Status,ALIAS
SUBJPRP,S_DPAYMT,L_SYMBOL,Down Payment Type,ALIAS
SUBJPRP,S_DPAYMTNM,L_SYMBOL,Down Payment Type NM,ALIAS
SUBJPRP,S_FMPROJ,L_SYMBOL,FNMProject Class,ALIAS
SUBJPRP,S_FNMPRJCLS,L_SYMBOL,FNMProject Class,ALIAS
SUBJPRP,S_FREPRJCLS,L_SYMBOL,FREProject Class,ALIAS
SUBJPRP,S_FRPROJ,L_SYMBOL,FREProject Class,ALIAS
SUBJPRP,S_LIENHO,L_SYMBOL,Lien Holder,ALIAS
SUBJPRP,S_LIENPO,L_SYMBOL,Lien Position,ALIAS
SUBJPRP,S_NATIVEAMERICANLANDSTYPE,L_SYMBOL,NatAmericanLandsType,ALIAS
SUBJPRP,S_OWNRHT,L_SYMBOL,SP Own Rights,ALIAS
SUBJPRP,S_PRJCLS,L_SYMBOL,Project Class,ALIAS
SUBJPRP,S_PROJ_ATTACH_TYPE,L_SYMBOL,Proj Attachment Type,ALIAS
SUBJPRP,S_PROJ_CLASS_ID_FNM,L_SYMBOL,Project Class ID FNM,ALIAS
SUBJPRP,S_PROJ_CLASS_ID_FRE,L_SYMBOL,Project Class ID FRE,ALIAS
SUBJPRP,S_PROJECT_DESIGN_TYPE,L_SYMBOL,Project Design Type,ALIAS
SUBJPRP,S_PROJECTCLASSTYPE,L_SYMBOL,ProjectClassType,ALIAS
SUBJPRP,S_PROJECTDESIGNTYPE,L_SYMBOL,ProjectDesignType,ALIAS
SUBJPRP,S_PRPTYP,L_SYMBOL,Property,ALIAS
SUBJPRP,S_PURP,L_SYMBOL,Purpose,ALIAS
SUBJPRP,S_RESTYP,L_SYMBOL,Occupancy,ALIAS
SUBJPRP,S_STRUCTURETYPE,L_SYMBOL,Structure Type,ALIAS
SUBJPRP,S_SUBJUNITTYPE,L_SYMBOL,Property Unit Type,ALIAS
SUBJPRP,S_TRSTYP,L_SYMBOL,Type of Trust,ALIAS
SUBJPRP,S_UNIQUEDWELLINGTYPE,L_SYMBOL,UniqueDwellingType,ALIAS
SUBJPRP,S_UNITOWNERSHIPTYPE,L_SYMBOL,Unit Ownership Type,ALIAS
SUBJPRP,SUBJESTE,L_SYMBOL,SP Own Rights,ALIAS
SUBJPRP,SUBJMHLD,L_SYMBOL,Manner Held,ALIAS
SUMIPLAN,CERTTYPE,L_SYMBOL,MI Setup Cert Type,ALIAS
SUMIPLAN,COVTYPE,L_SYMBOL,MI Setup Cover Type,ALIAS
SUMIPLAN,DURATION,L_SYMBOL,MI Setup Duration,ALIAS
SUMIPLAN,S_MI_PREMIUM_AT_CLOSING,L_SYMBOL,MISetUpInitPremTyp,ALIAS
SUMIPLAN,S_MI_PREMIUM_RATE_PLAN,L_SYMBOL,MISetUpRatePlanTyp,ALIAS
SUMIPLAN,S_MI_PREMIUM_SOURCE,L_SYMBOL,MISetUpPremSrc,ALIAS
SUMIPLAN,S_MI_RENEWAL_CALC_TYPE,L_SYMBOL,MISetUpRenCalcTyp,ALIAS
TILINFO,PPPTYPE,L_SYMBOL,Prepay Penalty Type,ALIAS
TILINFO,S_LATECHARGETYPE,L_SYMBOL,Late Charge Type,ALIAS
TILINFO,S_PPPOPT,L_SYMBOL,Prepay Pen Option,ALIAS
TILINFO,S_TIL2011_OVRD,L_SYMBOL,Use 2011 TIL Ovrd,ALIAS
TRACKING,PURPOSE_TYPE,L_SYMBOL,Loan Purpose Type,ALIAS
TRACKING,S_BUSCHL,L_SYMBOL,Business Channel,ALIAS
TRACKING,S_CASE_STATUS,L_SYMBOL,AUS Case Status,ALIAS
TRACKING,S_CHANNEL_SOURCE_CODE,L_SYMBOL,Channel Source Codes,ALIAS
TRACKING,S_COPT1,L_SYMBOL,Client Option 1,ALIAS
TRACKING,S_COPT10,L_SYMBOL,Client Option 10,ALIAS
TRACKING,S_COPT2,L_SYMBOL,Client Option 2,ALIAS
TRACKING,S_COPT3,L_SYMBOL,Client Option 3,ALIAS
TRACKING,S_COPT4,L_SYMBOL,Client Option 4,ALIAS
TRACKING,S_COPT5,L_SYMBOL,Client Option 5,ALIAS
TRACKING,S_COPT6,L_SYMBOL,Client Option 6,ALIAS
TRACKING,S_COPT7,L_SYMBOL,Client Option 7,ALIAS
TRACKING,S_COPT8,L_SYMBOL,Client Option 8,ALIAS
TRACKING,S_COPT9,L_SYMBOL,Client Option 9,ALIAS
TRACKING,S_CRDGRDAP,L_SYMBOL,Credit Grd Current,ALIAS
TRACKING,S_CRDGRDRQ,L_SYMBOL,Credit Grd Requested,ALIAS
TRACKING,S_DELTERMS,L_SYMBOL,Delivery Terms,ALIAS
TRACKING,S_DOCLEVEL,L_SYMBOL,Documentation Level,ALIAS
TRACKING,S_IVMETH,L_SYMBOL,Method of Interview,ALIAS
TRACKING,S_QUALITY,L_SYMBOL,Credit Quality,ALIAS
TRACKING,S_REPAY,L_SYMBOL,Loan Repayment Type,ALIAS
TRSTENTS,S_TRUST_UNIT_TYPE,L_SYMBOL,Trust Unit Type,ALIAS
TRUSTS,S_TRSTYP,L_SYMBOL,Type of Trust,ALIAS
UNDCOND1,QUALCODE,L_SYMBOL,Eligibility,ALIAS
UNDCOND1,S_CREDSCORE_OVERRIDE_REASON,L_SYMBOL,CreditScoreOvrReason,ALIAS
UNDCOND1,S_DISPOSITION,L_SYMBOL,Disposition,ALIAS
UNDCOND1,S_TRGTINV,L_SYMBOL,Target Investor,ALIAS
UNDCOND2,ERRORCAUSEBY,L_SYMBOL,Error Caused By,ALIAS
UNDCOND2,RESPONSIBLE_P,L_SYMBOL,Responsible Party,ALIAS
UNDCOND2,S_COMFLG,L_SYMBOL,UW Compliance Flag,ALIAS
UNDCOND2,S_CONDITION_SRC,L_SYMBOL,Condition Source,ALIAS
UNDCOND2,S_SUNDCON,L_SYMBOL,UW CONDITION,ALIAS
UNDCOND2,S_UNDCAT,L_SYMBOL,UW Cond. Category,ALIAS
UNDCOND2,S_UNDTYP,L_SYMBOL,UW Type Condition,ALIAS
UWAPPR,APPRVALUEINDICATOR,L_SYMBOL,Appr Value Indicator,ALIAS
UWAPPR,INV_COLL_PROG_ID,L_SYMBOL,InvCollateralProgId,ALIAS
UWAPPR,S_APPRFORMTYPE,L_SYMBOL,UW Apprsl Form Type,ALIAS
UWAPPR,S_APPRMETH,L_SYMBOL,ACO Appraisal Method,ALIAS
UWAPPR,S_APPRTYPE,L_SYMBOL,UW Appraisal Type,ALIAS
UWAPPR,S_AVM,L_SYMBOL,AVM Model Name,ALIAS
UWAPPR,S_AVMOTH,L_SYMBOL,AVM Model Name Other,ALIAS
UWAPPR,S_HOA_FEES_PERIOD_TYPE,L_SYMBOL,ApprHOAFeesperiodTyp,ALIAS
UWAPPR,S_LVLPRPRVW,L_SYMBOL,UW Appr Inspect Type,ALIAS
UWAPPR,S_PRPFORMTYPE,L_SYMBOL,UW Prop Val Frm Type,ALIAS
UWAPPR,S_PRPMETHODTYPE,L_SYMBOL,UW Prop Val Mth Type,ALIAS
UWAPPR,S_PRPTYP,L_SYMBOL,UW Prop Val Frm Type,ALIAS
UWAPPR,S_STATUS,L_SYMBOL,ApprStatus,ALIAS
VASUMMRY,AUS_TYPE,L_SYMBOL,VA Aus Type,ALIAS
VASUMMRY,LOANCODE,L_SYMBOL,VA Loan Code,ALIAS
VASUMMRY,RISK_CLASS,L_SYMBOL,VA Risk Class,ALIAS
VASUMMRY,S_HYBRID,L_SYMBOL,Hybrid ARM Type,ALIAS
VETINFO,S_BRANCH,L_SYMBOL,Branch of Service,ALIAS
VETINFO,S_OBRCH1,L_SYMBOL,Branch of Service 2,ALIAS
VETINFO,S_OBRCH2,L_SYMBOL,Branch of Service 3,ALIAS
VETINFO,S_OBRCH3,L_SYMBOL,Branch of Service 4,ALIAS
WEATHERIZATION,S_WTHRDES,L_SYMBOL,WeatherizationDesc,ALIAS
WG_ADDITIONAL_LINKS,S_BUSCHL,L_SYMBOL,Bus Channel,ALIAS
WG_APP_DEPOSIT,S_CCARD_TYPE,L_SYMBOL,CCard Type,ALIAS
WG_APP_DEPOSIT,S_METHOD,L_SYMBOL,Collected Method,ALIAS
WG_APP_DEPOSIT,S_PAIDBY,L_SYMBOL,Fee Paid By,ALIAS
WG_APP_DEPOSIT,S_PAYMENT_TYPE,L_SYMBOL,App Dep Payment Type,ALIAS
WG_APPLICATION_DETAILS,S_APP_IMPORT_STATUS,L_SYMBOL,App Import Status,ALIAS
WG_ASSET,S_ASSET_PURPOSE,L_SYMBOL,Asset Purpose,ALIAS
WG_ASSET,S_ASSET_TYPE,L_SYMBOL,Asset Type,ALIAS
WG_ASSET_ACCT,S_ACCT_OWNERSHIP,L_SYMBOL,Account Ownership,ALIAS
WG_ASSET_MARINE_ENG,S_ENGINE_COLOR,L_SYMBOL,Marine Eng Color,ALIAS
WG_ASSET_MARINE_ENG,S_ENGINE_MFG,L_SYMBOL,Marine Eng Mfg,ALIAS
WG_ASSET_MARINE_ENG,S_MULTIENGINETYPE,L_SYMBOL,Boat MultiEngine Typ,ALIAS
WG_ASSET_VEHICLE,S_CNRE_OWNERSHIP,L_SYMBOL,CNRE Ownership,ALIAS
WG_ASSET_VEHICLE,S_COLOR,L_SYMBOL,Vehicle Color,ALIAS
WG_ASSET_VEHICLE,S_DAMAGE_TYPE,L_SYMBOL,Coll Damage Type,ALIAS
WG_ASSET_VEHICLE,S_FUEL_TYPE,L_SYMBOL,Fuel Type,ALIAS
WG_ASSET_VEHICLE,S_GV_WEIGHT_RATING,L_SYMBOL,GV Weight Rate,ALIAS
WG_ASSET_VEHICLE,S_TRANSF_AS,L_SYMBOL,Coll Transferred As,ALIAS
WG_ASSET_VEHICLE,S_TRANSF_TO,L_SYMBOL,Coll Transferred To,ALIAS
WG_ASSET_VEHICLE,S_VEHICLE_CONDITION,L_SYMBOL,Vehicle Condition,ALIAS
WG_ASSET_VHCL_AUTO,S_GENERIC_BODY_STYLE,L_SYMBOL,Generic Body Style,ALIAS
WG_ASSET_VHCL_AUTO,S_MTRCYCLESTYLE,L_SYMBOL,MtrCycleStyle,ALIAS
WG_ASSET_VHCL_MARINE,S_ENGINE_DRIVE,L_SYMBOL,Engine Drive,ALIAS
WG_ASSET_VHCL_MARINE,S_FUEL_TYPE,L_SYMBOL,Boat Fuel,ALIAS
WG_ASSET_VHCL_MARINE,S_HULL_MATERIAL,L_SYMBOL,Boat Material,ALIAS
WG_ASSET_VHCL_MARINE,S_MANUF_TYPE,L_SYMBOL,Boat Manuf Type,ALIAS
WG_ASSET_VHCL_MARINE,S_MARINE_TYPE,L_SYMBOL,Boat Type,ALIAS
WG_ASSET_VHCL_MARINE,S_PRIMARY_USE,L_SYMBOL,Primary Use,ALIAS
WG_ASSET_VHCL_MARINE,S_PROPULSION_TYPE,L_SYMBOL,Boat Propulsion,ALIAS
WG_ASSET_VHCL_RV,S_CATEGORY,L_SYMBOL,RV Category,ALIAS
WG_ASSET_VHCL_RV,S_MODEL_TYPE,L_SYMBOL,RV Model Type,ALIAS
WG_ASSET_VHCL_TRAILER,S_AXLE_TYPE,L_SYMBOL,Trailer Axles,ALIAS
WG_ASSET_VHCL_VALUATION,S_CLEAN_LEVEL,L_SYMBOL,Clean Level,ALIAS
WG_ASSET_VHCL_VALUATION,S_USE_FOR_LOAN_VAL,L_SYMBOL,Use for Loan Val,ALIAS
WG_ASSET_VHCL_VALUATION,S_VALUATION_SOURCE,L_SYMBOL,Valuation Source,ALIAS
WG_AUTO_DEBIT,S_AD_ACCT_TYPE,L_SYMBOL,AD Account Type,ALIAS
WG_B2B_LOAN_STATUS,S_B2B_LOAN_STATUS,L_SYMBOL,B2BLoanStatus,ALIAS
WG_B2G_SETUP,ENFORCE_WORKFLOW,L_SYMBOL,B2GEnforceWorkflow,ALIAS
WG_B2G_SETUP,LOAN_OPEN_ACTION,L_SYMBOL,B2GLoanOpenAction,ALIAS
WG_BOR_VERIFICATN_PROVDRS_LPA,S_LPA_SERVICE_COM_CODE,L_SYMBOL,LPAServCompanyCode,ALIAS
WG_BOR_VERIFICATN_PROVDRS_LPA,S_LPA_SERVICE_VER_TYP,L_SYMBOL,LPAServiceType,ALIAS
WG_BORR_DISB_ACCT,S_ACCT_TYPE,L_SYMBOL,DisbAccType,ALIAS
WG_BORR_INCOME_SRC_INTERNAL,S_INTRL_INCOMETYPE,L_SYMBOL,Income Type,ALIAS
WG_BORR_INCOME_SRC_PAY_EARN,S_PAYITEM,L_SYMBOL,Earning Income Type,ALIAS
WG_BORR_INCOME_SRC_WRTN_VOE,S_YTD_GROSS_PAY_FREQUENCY,L_SYMBOL,WVOEYTDPayFreq,ALIAS
WG_BORR_INCOME_SRC_WRTN_VOE,YTD_GROSS_PAY_PERIOD,L_SYMBOL,WVOEYTDPayPeriod,ALIAS
WG_BORR_VERIFICATN_PROVDRS,S_DU_SERVICE_PRO_NAME,L_SYMBOL,ServiceProviderName,ALIAS
WG_BORR_VERIFICATN_PROVDRS,S_DU_VERI_TYPE,L_SYMBOL,DU Veri Report Type,ALIAS
WG_BORROWER_COUNSELING,S_CMPL_IN_LAST_12_MONTHS,L_SYMBOL,HomeCounsel Ind,ALIAS
WG_BORROWER_COUNSELING,S_COUNSEL_FORMAT,L_SYMBOL,HomeCounsel Format,ALIAS
WG_BORROWER_COUNSELING,S_HOMEEDUC_FORMAT,L_SYMBOL,HomeEducationFormat,ALIAS
WG_BORROWER_DUEDILIGENCE,PEPCUSTRELATION,L_SYMBOL,PepCustRelation,ALIAS
WG_BORROWER_DUEDILIGENCE,PEPPOSITION,L_SYMBOL,PepPosition,ALIAS
WG_BORROWER_DUEDILIGENCE,VISASTATUS,L_SYMBOL,Visastatus,ALIAS
WG_BORROWER_GUARANTOR,ORGANIZATION_TYPE,L_SYMBOL,Organization Type,ALIAS
WG_BORROWER_GUARANTOR,S_APPLICABLE_TO,L_SYMBOL,APPLICABLEGUARANTY,ALIAS
WG_BORROWER_GUARANTOR,S_REP_ENTITY_CAPACITY,L_SYMBOL,Rep Ent Capacity,ALIAS
WG_BRM_DEFN_FIELDS,S_FIELD_CONTROL_TYPE,L_SYMBOL,BRM Field Cntrl Type,ALIAS
WG_BRM_DEFN_FIELDS,S_FIELD_FORMAT,L_SYMBOL,BRM Field Format,ALIAS
WG_BRM_DEFN_FIELDS,S_FIELD_LIST_SOURCE,L_SYMBOL,BRM Field ListSource,ALIAS
WG_BRM_DEFN_FIELDS,S_FIELD_OPERATOR,L_SYMBOL,BRM Operator Type,ALIAS
WG_BRM_DEFN_FIELDS,S_FIELD_STATUS,L_SYMBOL,BRM Field Status,ALIAS
WG_BRM_DEFN_FIELDS,S_USAGE_TYPE,L_SYMBOL,BRM Usage Type,ALIAS
WG_BRM_DEFN_GRID,S_GRID_CATEGORY,L_SYMBOL,BRM Grid Category,ALIAS
WG_BRM_DEFN_GRID,S_GRID_STATUS,L_SYMBOL,BRM Grid Status,ALIAS
WG_BRM_DEFN_GRID,S_USAGE_TYPE,L_SYMBOL,BRM Usage Type,ALIAS
WG_BRM_DEFN_GRID_DTL,S_GRID_OPERATOR,L_SYMBOL,BRM Operator Type,ALIAS
WG_BRM_DEFN_GRID_DTL,S_GRID_TGT_VAL_SPAN_TYPE,L_SYMBOL,BRM GridTgtValSpnTyp,ALIAS
WG_BRM_DEFN_GRID_DTL,S_GRID_VERT_HORIZ,L_SYMBOL,BRM Grid Orientation,ALIAS
WG_BRM_EXPORT,S_EXP_BRM_STATUS,L_SYMBOL,BRM Exp Status,ALIAS
WG_BRM_EXPORT,S_EXP_STATUS,L_SYMBOL,BRM Status,ALIAS
WG_BRM_IDENTIFIERS,S_USAGE_TYPE,L_SYMBOL,BRM Usage Type,ALIAS
WG_BRM_IMPORT,S_EXP_STATUS,L_SYMBOL,BRM Status,ALIAS
WG_BRM_IMPORT,S_IMP_STATUS,L_SYMBOL,BRM Status,ALIAS
WG_BRM_LKUP_BASE,S_BRM_STATUS,L_SYMBOL,BRM Status,ALIAS
WG_BRM_LKUP_BASE,S_BRM_TYPE,L_SYMBOL,BRM LU Type,ALIAS
WG_BRM_LKUP_BASE,S_CAP_CATEGORY,L_SYMBOL,BRM LU Cap Category,ALIAS
WG_BRM_LKUP_BASE,S_EFFECTIVITY_RULE,L_SYMBOL,BRM LU Effectivity,ALIAS
WG_BRM_LKUP_BASE,S_OVERRIDE_LEVEL,L_SYMBOL,BRM Override Level,ALIAS
WG_BRM_LKUP_BASE,S_USAGE_TYPE,L_SYMBOL,BRM Usage Type,ALIAS
WG_BRM_LKUP_RULE_BASE,S_OVERRIDE_LEVEL,L_SYMBOL,BRM Override Level1,ALIAS
WG_BRM_LKUP_RULE_FIELD,S_RULE_ITEM_OPERATOR,L_SYMBOL,BRM Operator Type,ALIAS
WG_BRM_LKUP_RULE_ITEMS,S_OVERRIDE_LEVEL,L_SYMBOL,BRM Override Level2,ALIAS
WG_BRM_LKUP_RULE_ITEMS,S_RULE_ITEM_TYPE,L_SYMBOL,BRM RuleItem Type,ALIAS
WG_CCS_FEE_CALC_DTL,S_CALC_METHOD,L_SYMBOL,FC Calc Method,ALIAS
WG_CCS_FEE_CRITERIA_CNDTN,S_COMPARISON_OPERATOR,L_SYMBOL,FCC Comparison Oper,ALIAS
WG_CCS_SCHEME,S_STATUS,L_SYMBOL,Fee Scheme Status,ALIAS
WG_CD_BOR_OTHER_CREDITS,S_TYPE,L_SYMBOL,CDBorOtherCreditType,ALIAS
WG_CD_DUE_FROM_BOR,S_TYPE,L_SYMBOL,CDDueFromBorItemType,ALIAS
WG_CD_DUE_FROM_BOR_ADJ,S_ADJ_TYPE,L_SYMBOL,CDDueFromBorAdjType,ALIAS
WG_CD_DUE_FROM_SEL,S_TYPE,L_SYMBOL,CDDueFromSelItemType,ALIAS
WG_CD_DUE_FROM_SEL_ADJ,S_PAIDBY_TYPE,L_SYMBOL,CDDueFromSelAdjPayer,ALIAS
WG_CD_DUE_FROM_SEL_ADJ,S_TYPE,L_SYMBOL,CDDueFromSelAdjType,ALIAS
WG_CD_PAID_BY_BOR,S_PAIDBY_TYPE,L_SYMBOL,CDPaidByBorItemPayer,ALIAS
WG_CD_PAID_BY_BOR,S_TYPE,L_SYMBOL,CDPaidByBorItemType,ALIAS
WG_CD_PAID_BY_BOR_ADJ,S_TYPE,L_SYMBOL,CDPaidByBorAdjType,ALIAS
WG_CD_PAID_BY_SELLER_ADJ,S_ADJ_TYPE,L_SYMBOL,CDPaidBySelAdjType,ALIAS
WG_CD_PAYOFFS_PMTS,S_TYPE,L_SYMBOL,CDPayoffsPmtsType,ALIAS
WG_CD_UNPAID_BY_SEL_ADJ,S_TYPE,L_SYMBOL,CDUnpaidBySelAdjType,ALIAS
WG_CLOSING_DISCLOSURE,CLOS_S_TYPE,L_SYMBOL,Clos S Type,ALIAS
WG_CLOSING_DISCLOSURE,S_CLS_DISCL_DELIV_MTHD,L_SYMBOL,ClsDisclosDelivMeth,ALIAS
WG_CLOSING_DISCLOSURE,S_CLS_DISCL_REV_REASON,L_SYMBOL,ClsDisclosRevReason,ALIAS
WG_CLSCORP_INTERFACE,S_WATERQLTY_SCAN_TYPE,L_SYMBOL,WaterQlty ScanType,ALIAS
WG_CMS_PRVD_EVENT_DATE,EVENT_TYPE,L_SYMBOL,PBEventType,ALIAS
WG_CMS_PRVD_EVENT_DATE,S_DIST_METHOD,L_SYMBOL,PBDistributionMethod,ALIAS
WG_CNS_LOAN_APPLICATION,S_BUSINESS_CHANNEL,L_SYMBOL,Business Channel,ALIAS
WG_CNS_LOAN_APPLICATION,S_LOAN_PURPOSE,L_SYMBOL,L Loan Purpose,ALIAS
WG_CNS_LOAN_APPLICATION,S_LOAN_TYPE,L_SYMBOL,L Loan Type,ALIAS
WG_CNS_LOAN_APPLICATION,S_PRIMARY_COLLATERAL_TYPE,L_SYMBOL,Primary Coll Typ,ALIAS
WG_CNS_LOAN_APPLICATION,S_REFERRAL_SOURCE,L_SYMBOL,Referral Source,ALIAS
WG_CNS_LOAN_APPLICATION,S_SECONDARY_COLLATERAL_TYPE,L_SYMBOL,Secondary Coll Typ,ALIAS
WG_CNS_LOAN_APPLICATION,S_TITLE_TRANSFER,L_SYMBOL,TitleTransferType,ALIAS
WG_COLLATERAL_TYPES,COLLATERAL_TYPE,L_SYMBOL,Collateral Type,ALIAS
WG_COMPLIANCEEASE,INDEXTYPE,L_SYMBOL,CompEase Index Type,ALIAS
WG_CONCURRENT_FINANCING,S_RL_LIEN_POSITION,L_SYMBOL,RelLoanLienPosition,ALIAS
WG_CONCURRENT_FINANCING,S_RL_MORT_TYPE,L_SYMBOL,RelLoanMortType,ALIAS
WG_CONCURRENT_FINANCING,S_RL_TYPE,L_SYMBOL,RelatedLoanType,ALIAS
WG_CONSTRUCTION_DRAW_DETAILS,S_DRAWSTATUS,L_SYMBOL,Const Draw Status,ALIAS
WG_COOP_INFO,S_COOP_TYPE,L_SYMBOL,Coop Type,ALIAS
WG_CORR_DISCLOSURE_HISTORY,CORR_DISCLOS_DELIV_MTHD,L_SYMBOL,CorrDisclosDelivMthd,ALIAS
WG_CORR_DISCLOSURE_HISTORY,CORR_DISCLOS_TYPE,L_SYMBOL,CorrDisclosType,ALIAS
WG_CORR_FEE_LOAN,S_VENDOR_TYPE,L_SYMBOL,Corr Fee Vendor Type,ALIAS
WG_CORR_LOAN_DATA,CMS_CORR_UNDERW_TYPEOVRD,L_SYMBOL,CMSCorUnderwTypeOvrd,ALIAS
WG_CREDIT_AUTH,CREDIT_AUTH_METHOD,L_SYMBOL,CreditAuthMethod,ALIAS
WG_DELIVERY_CLOSING_COST,S_CCFND,L_SYMBOL,CC Funds Type,ALIAS
WG_DELIVERY_CLOSING_COST,S_CCFOT,L_SYMBOL,CC Funds Type Oth,ALIAS
WG_DELIVERY_CLOSING_COST,S_CCOTH,L_SYMBOL,CC Source Type Oth,ALIAS
WG_DELIVERY_CLOSING_COST,S_CCSRC,L_SYMBOL,CC Source Type,ALIAS
WG_DELIVERY_LOAN_PGM,S_LOAN_PGM_ID,L_SYMBOL,Loan Program ID,ALIAS
WG_DMI_BATCH_SETUP,S_ADMIN_BUSINESS_TYPE,L_SYMBOL,Admin Business Type,ALIAS
WG_DOC_PRVD_EVENT_DATES,EVENT_TYPE,L_SYMBOL,PBEventType,ALIAS
WG_DOC_PRVD_EVENT_DATES,S_DIST_METHOD,L_SYMBOL,PBDistributionMethod,ALIAS
WG_DOCUMENT_MGMT,FULFILLMENT_TYPE,L_SYMBOL,FulfillProcessType,ALIAS
WG_DOCUMENT_MGMT,S_LENDER_FULFILLMENT_TYPE,L_SYMBOL,LenFulfillProcType,ALIAS
WG_DOCUMENT_MGMT,S_REQUESTED_CLOSING_METHOD,L_SYMBOL,RequestedClsMethod,ALIAS
WG_ENTITY_OFFICERS_ID,ID_TYPE,L_SYMBOL,EntOffIdType,ALIAS
WG_ERNST_FEE_INTERFACE,S_LENDER_POLICY_TYPE,L_SYMBOL,ErnstLendPolicyType,ALIAS
WG_ERNST_FEE_INTERFACE,S_OWNER_POLICY,L_SYMBOL,ErnstOwnPolicyType,ALIAS
WG_EXTENSION_HIST,S_LOCK_EXT_TYPE,L_SYMBOL,Lock Ext Period,ALIAS
WG_FHA_INSURANCE_APP_INP,COUNSELTYPE,L_SYMBOL,B2G InsCounselType,ALIAS
WG_FHA_INSURANCE_APP_INP,GIFTSOURCE1,L_SYMBOL,B2G Gift Srce 1 Ovrd,ALIAS
WG_FHA_INSURANCE_APP_INP,GIFTSOURCE2,L_SYMBOL,B2G Gift Srce 2 Ovrd,ALIAS
WG_FHA_INSURANCE_APP_INP,SCOREDECISION,L_SYMBOL,Scorecard Decision,ALIAS
WG_FHA_INSURANCE_APP_INP,SECFINSOURCE,L_SYMBOL,B2G Sec fin Sce Ovrd,ALIAS
WG_FHA_INSURANCE_APP_RSP,FHA_SCOREDECISION,L_SYMBOL,InsAppScoDecision,ALIAS
WG_FORMFREE_RESPONSEASSET,S_ASSET,L_SYMBOL,Asset Type,ALIAS
WG_HMDAINFO_EXT,REPORTABLEYROVR,L_SYMBOL,HMDARepOverride2018,ALIAS
WG_ID_TOLERANCE,EVENT_TYPE,L_SYMBOL,IDTolEventType,ALIAS
WG_IMAGES_INVALID_REASONS,S_REASON,L_SYMBOL,ImageInvalidReasons,ALIAS
WG_INC_PROFORMA_K1_EXT,K1INCOMETYPE,L_SYMBOL,SEIA_Type,ALIAS
WG_INC_PROFORMA_K1_EXT,K1PROFORMAUSAGETYPE,L_SYMBOL,K1ProformaUsageType,ALIAS
WG_INC_PROFORMA_SCHE,USAGE_TYPE,L_SYMBOL,SchEUsageType,ALIAS
WG_INC_PROFORMA_USER_DEFINED,S_PF_USAGE,L_SYMBOL,PF UserD Inc Usage,ALIAS
WG_INCOME_SOURCE,S_EMP_UNIT_TYPE,L_SYMBOL,Emp Unit Type,ALIAS
WG_INCOME_SOURCE,S_SELF_EMPL_TYPE,L_SYMBOL,SelfEmplType,ALIAS
WG_INCOME_SOURCE,S_SPECIAL_BOR_EMP_REL_TYPE,L_SYMBOL,SpeclBorEmpRelType,ALIAS
WG_INT_DISCLOSURES,S_CLS_DISCL_CORRECT_TYPE,L_SYMBOL,ClsDisclosCorrectTyp,ALIAS
WG_INT_DISCLOSURES,S_CLS_DISCL_PREP_BY,L_SYMBOL,ClsDisclosPreparedBy,ALIAS
WG_INTERVIEWER_INFO,S_LOORGUNITTYPE,L_SYMBOL,LO Org Unit Type,ALIAS
WG_INVST_COMMIT,S_CMTMT_AMORT_TYPE,L_SYMBOL,Cmtmt Amort Type,ALIAS
WG_INVST_COMMIT,S_CMTMT_DELIVERY_TYPE,L_SYMBOL,Cmtmt Delivery Type,ALIAS
WG_INVST_COMMIT,S_CMTMT_DFLT_LOSS_TYPE,L_SYMBOL,Cmtmt Dflt Loss Type,ALIAS
WG_INVST_COMMIT,S_CMTMT_LOSS_CODE,L_SYMBOL,Cmtmt Loss Code,ALIAS
WG_INVST_COMMIT,S_CMTMT_MORTGAGE_TYPE,L_SYMBOL,Cmtmt Mortgage Type,ALIAS
WG_INVST_COMMIT,S_CMTMT_RATE_ROUND_TYPE,L_SYMBOL,Cmtmt Rounding Type,ALIAS
WG_INVST_COMMIT,S_CMTMT_REMIT_TYPE,L_SYMBOL,Cmtmt Remit Type,ALIAS
WG_INVST_COMMIT,S_CMTMT_REO_MKTG_PTY,L_SYMBOL,Cmtmt Reo Mktg Type,ALIAS
WG_INVST_COMMIT,S_CMTMT_STATUS,L_SYMBOL,Cmtmt Status,ALIAS
WG_INVST_COMMIT,S_CMTMT_STRUCTURE_TYPE,L_SYMBOL,Cmtmt Structure Type,ALIAS
WG_INVST_COMMIT,S_CMTMT_TYPE,L_SYMBOL,Cmtmt Type,ALIAS
WG_INVST_COMMIT,S_INVLK_LOCK_STS,L_SYMBOL,InvLk Lock Status,ALIAS
WG_INVST_COMMIT_LOAN,S_PROCESS_TYPE,L_SYMBOL,Cmtmt Loan Proc Type,ALIAS
WG_INVST_COMMIT_POOL,S_BOND_FINANCE,L_SYMBOL,Cmtmt Bond Finance,ALIAS
WG_INVST_COMMIT_POOL,S_CALC_TYPE,L_SYMBOL,Cmtmt Pool Calc Type,ALIAS
WG_INVST_COMMIT_POOL,S_CERT_AGREEMENT,L_SYMBOL,Cmtmt Cert Agreement,ALIAS
WG_INVST_COMMIT_POOL,S_ISSUER_TYPE,L_SYMBOL,Cmtmt Issuer Type,ALIAS
WG_INVST_COMMIT_POOL,S_POOL_ARM_INDEX,L_SYMBOL,Cmtmt Pool ARM Index,ALIAS
WG_INVST_COMMIT_POOL,S_POOL_TYPE,L_SYMBOL,Cmtmt Pool Type,ALIAS
WG_INVST_TRADE,S_TRADE_TYPE,L_SYMBOL,Trade Type,ALIAS
WG_INVST_TRADE_COUPON,S_COUPON_TYPE,L_SYMBOL,TradeStk Coupon Type,ALIAS
WG_INVST_TRADE_PAIR,S_TRADE_PAIR_ROLL_TYPE,L_SYMBOL,Trade Pair Roll Type,ALIAS
WG_KELLEYBLUEBOOK_RESPONSE,S_GENERIC_BODY_STYLE,L_SYMBOL,Generic Body Style,ALIAS
WG_KEYSTONE_EVENTS,S_DISP_ATTCH_TYP,L_SYMBOL,Dispute Attach Type,ALIAS
WG_KEYSTONE_EVENTS,S_EVENT_CATEGORY,L_SYMBOL,KS EventCategory,ALIAS
WG_KEYSTONE_EVENTS,S_EVENT_DISPUTE_ITEM,L_SYMBOL,Dispute Item Type,ALIAS
WG_KEYSTONE_EVENTS,S_EVENT_STATUS_NAME,L_SYMBOL,Event_Status_Name,ALIAS
WG_KEYSTONE_EVENTS,S_REASON_CODE,L_SYMBOL,KS Reason Code,ALIAS
WG_LOAN_ESTIMATE,S_LE_DISCL_DELIV_MTHD,L_SYMBOL,LEDisclosDelivMeth,ALIAS
WG_LOAN_ESTIMATE,S_TYPE,L_SYMBOL,S Type,ALIAS
WG_LOANFIT_COMPARE_LOAN_BASE,S_CREDIT_TIER,L_SYMBOL,LoanFCp Cred Tier,ALIAS
WG_LOANFIT_COMPARE_LOAN_BASE,S_DEPOSIT_TIER,L_SYMBOL,LoanFCp Dep Tier,ALIAS
WG_LOANFIT_COMPARE_LOAN_BASE,S_DIRECTIVES,L_SYMBOL,LoanFCp Directives,ALIAS
WG_LOANFIT_COMPARE_LOAN_BASE,S_GOALS_OPTS,L_SYMBOL,LoanFCp Goals Opts,ALIAS
WG_LOANFIT_COMPARE_LOAN_BASE,S_MAX_TERM,L_SYMBOL,LoanFCp Max Term,ALIAS
WG_LOANFIT_COMPARE_LOAN_BASE,S_MIN_TERM,L_SYMBOL,LoanFCp Min Term,ALIAS
WG_LOANFIT_COMPARE_LOAN_BASE,S_NBR_BORR,L_SYMBOL,LoanFCp Nbr Borr,ALIAS
WG_LOANFIT_COMPARE_LOAN_BASE,S_OCCUPANCY,L_SYMBOL,LoanFCp Occupancy,ALIAS
WG_LOANFIT_COMPARE_LOAN_BASE,S_PROP_TYPE,L_SYMBOL,LoanFCp Prop Type,ALIAS
WG_LOANFIT_COMPARE_LOAN_BASE,S_PURP_REFI,L_SYMBOL,LoanFCp Purp Refi,ALIAS
WG_LOANFIT_COMPARE_LOAN_BASE,S_PURPOSE,L_SYMBOL,LoanFCp Purpose,ALIAS
WG_LOANFIT_LOAN_BASE,S_CREDIT_TIER,L_SYMBOL,LoanFit Cred Tier,ALIAS
WG_LOANFIT_LOAN_BASE,S_DEPOSIT_TIER,L_SYMBOL,LoanFit Dep Tier,ALIAS
WG_LOANFIT_LOAN_BASE,S_DIRECTIVES,L_SYMBOL,LoanFit Directives,ALIAS
WG_LOANFIT_LOAN_BASE,S_GOALS_OPTS,L_SYMBOL,LoanFit Goals Opts,ALIAS
WG_LOANFIT_LOAN_BASE,S_MAX_TERM,L_SYMBOL,LoanFit Max Term,ALIAS
WG_LOANFIT_LOAN_BASE,S_MIN_TERM,L_SYMBOL,LoanFit Min Term,ALIAS
WG_LOANFIT_LOAN_BASE,S_NBR_BORR,L_SYMBOL,LoanFit Nbr Borr,ALIAS
WG_LOANFIT_LOAN_BASE,S_OCCUPANCY,L_SYMBOL,LoanFit Occupancy,ALIAS
WG_LOANFIT_LOAN_BASE,S_PROP_TYPE,L_SYMBOL,LoanFit Prop Type,ALIAS
WG_LOANFIT_LOAN_BASE,S_PURP_REFI,L_SYMBOL,LoanFit Purp Refi,ALIAS
WG_LOANFIT_LOAN_BASE,S_PURPOSE,L_SYMBOL,LoanFit Purpose,ALIAS
WG_LPA_PARTYROLETYPE,S_FRE_PARTY_ROLE_TYPE,L_SYMBOL,FRE Party Type,ALIAS
WG_MARINE_BOAT_VAL_RESPONSE,S_ENGINE_COUNT,L_SYMBOL,EngCount,ALIAS
WG_MARINE_BOAT_VAL_RESPONSE,S_ENGINE_FUEL,L_SYMBOL,BtEngFuel,ALIAS
WG_MARINE_BOAT_VAL_RESPONSE,S_ENGINE_MFG_CODE,L_SYMBOL,EngMfgCode,ALIAS
WG_MARINE_BOAT_VAL_RESPONSE,S_ENGINE_TYPE,L_SYMBOL,BtEngType,ALIAS
WG_MARINE_BOAT_VAL_RESPONSE,S_HULL_CONFIG,L_SYMBOL,HullConfig,ALIAS
WG_MARINE_BOAT_VAL_RESPONSE,S_HULL_MATERIAL,L_SYMBOL,HullMtrl,ALIAS
WG_MARINE_BOAT_VAL_RESPONSE,S_RESP_BOAT_TYPE,L_SYMBOL,RespBoatTyp,ALIAS
WG_MARINE_BOAT_VAL_RESPONSE,S_TOP_RIG,L_SYMBOL,TopRig,ALIAS
WG_MAVENT_ATRQM,S_ATREXEMPTTRANSTYPE,L_SYMBOL,MaventATRExemptType,ALIAS
WG_MAVENT_ATRQM,S_ATRTYPE,L_SYMBOL,MaventATRType,ALIAS
WG_MAVENT_ATRQM,S_CREDITPURPOSE,L_SYMBOL,MaventCreditPurpose,ALIAS
WG_MAVENT_ATRQM,S_QMTYPE,L_SYMBOL,MaventQMType,ALIAS
WG_MAVENT_ATRQM,S_SOLDTRANSFER,L_SYMBOL,MaventSoldTransfer,ALIAS
WG_MBAUS_RESPONSE,S_MB_RECOMMENDATION,L_SYMBOL,MBAUS Recommend Code,ALIAS
WG_NEWS_ANNOUNCEMENTS,S_BUSCHL,L_SYMBOL,Bus Channel,ALIAS
WG_NEWS_ANNOUNCEMENTS,S_LINK_TYPE,L_SYMBOL,News Link Type,ALIAS
WG_NONSTD_STDREFI,REFI_MORT_TYPE,L_SYMBOL,Refi. Mort Type,ALIAS
WG_OWNERSITEM,S_OWNER_ITEM_TYPE,L_SYMBOL,Owner Item Type,ALIAS
WG_PORTAL_CLIENT_INFO,S_INFO_TYPE,L_SYMBOL,Client Info Type,ALIAS
WG_PRICE_EXCEPTIONS,S_EXCEPTION_STATUS,L_SYMBOL,PE Exception Status,ALIAS
WG_PRICE_EXCEPTIONS,S_EXCEPTION_TYPE,L_SYMBOL,PE Exception Type,ALIAS
WG_PRODUCT_ELIGIBILITY,LENGTH_OF_OWNERSHIP,L_SYMBOL,Length of Ownership,ALIAS
WG_PROPERTY_CORR,S_CPTYP,L_SYMBOL,Corr Property,ALIAS
WG_PROPERTY_CORR,S_PRJLIT,L_SYMBOL,Project Litigation,ALIAS
WG_REALEC_PROD_EVENT,S_PRODUCT_EVENT,L_SYMBOL,Order Event,ALIAS
WG_REALEC_PRODUCT,S_ORDER_PRODUCT,L_SYMBOL,Order Product,ALIAS
WG_REALEC_PRODUCT,S_ORDER_PRODUCT_APP,L_SYMBOL,Order Appproduct,ALIAS
WG_REALEC_PRODUCT,S_PRODUCT_PROVIDER,L_SYMBOL,Order Provider,ALIAS
WG_REALEC_REASON_CODE,S_REASON_CODE,L_SYMBOL,Reason Code,ALIAS
WG_REDRAW_REASONS,S_REDRAW_REASON,L_SYMBOL,Re-Draw Reason,ALIAS
WG_REGGORA_ORDER_STATUS,S_EVENTTYPE,L_SYMBOL,ReggoraApprStatus,ALIAS
WG_RPT_LOAN_ACTIVITY,S_LOAN_ACTIVITY,L_SYMBOL,Activities,ALIAS
WG_RPT_LOAN_STATUS,S_LOAN_STATUS,L_SYMBOL,Loan Status,ALIAS
WG_SELLER_MORTGAGE_INFO,LIEN_POSITION,L_SYMBOL,Mort Lien Position,ALIAS
WG_SIM_CD_BOR_OTHER_CREDITS,S_TYPE,L_SYMBOL,CDBorOtherCreditType,ALIAS
WG_SIM_CD_DUE_FROM_BOR,S_TYPE,L_SYMBOL,CDDueFromBorItemType,ALIAS
WG_SIM_CD_DUE_FROM_BOR_ADJ,S_ADJ_TYPE,L_SYMBOL,CDDueFromBorAdjType,ALIAS
WG_SIM_CD_DUE_FROM_SEL,S_TYPE,L_SYMBOL,CDDueFromSelItemType,ALIAS
WG_SIM_CD_DUE_FROM_SEL_ADJ,S_PAIDBY_TYPE,L_SYMBOL,CDDueFromSelAdjPayer,ALIAS
WG_SIM_CD_DUE_FROM_SEL_ADJ,S_TYPE,L_SYMBOL,CDDueFromSelAdjType,ALIAS
WG_SIM_CD_PAID_BY_BOR,S_PAIDBY_TYPE,L_SYMBOL,CDPaidByBorItemPayer,ALIAS
WG_SIM_CD_PAID_BY_BOR,S_TYPE,L_SYMBOL,CDPaidByBorItemType,ALIAS
WG_SIM_CD_PAID_BY_BOR_ADJ,S_TYPE,L_SYMBOL,CDPaidByBorAdjType,ALIAS
WG_SIM_CD_PAID_BY_SELLER_ADJ,S_ADJ_TYPE,L_SYMBOL,CDPaidBySelAdjType,ALIAS
WG_SIM_CD_PAYOFFS_PMTS,S_TYPE,L_SYMBOL,CDPayoffsPmtsType,ALIAS
WG_SIM_CD_UNPAID_BY_SEL_ADJ,S_TYPE,L_SYMBOL,CDUnpaidBySelAdjType,ALIAS
WG_SIMPLIFILE_MESSAGES,S_MSG_SOURCE,L_SYMBOL,SimpMsgSource,ALIAS
WG_TANGIBLE_NET_BENEFIT,FACTOR_ORIG_LOAN_TYPE,L_SYMBOL,TNB Orig Loan type,ALIAS
WG_TANGIBLE_NET_BENEFIT,PREVIOUS_LOAN_PURP,L_SYMBOL,TNB Pre Loan Purp,ALIAS
WG_TASK_MASTER,S_TASK_TYPE,L_SYMBOL,TS Task Type,ALIAS
WG_TL_RURALHOUSE,AREA_TYPE,L_SYMBOL,GHP Spec Program,ALIAS
WG_TL_RURALHOUSE,GUAR_DIRECT_LN,L_SYMBOL,GuarDirectLn,ALIAS
WG_TL_RURALHOUSE,GUAR_FEE_PUR_CD,L_SYMBOL,GuarFeePurCode,ALIAS
WG_TL_RURALHOUSE,INCOME_LIMIT,L_SYMBOL,GHP Limit Program,ALIAS
WG_TL_RURALHOUSE,INT_RT_CODE,L_SYMBOL,IntRateCode,ALIAS
WG_TL_RURALHOUSE,INTASSISTCODE,L_SYMBOL,IntAssistCode,ALIAS
WG_TL_RURALHOUSE,SRCFNDCODE,L_SYMBOL,SrcFndCode,ALIAS
WG_TL_RURALOTHER,S_INCTYPE,L_SYMBOL,IncomeTypeR,ALIAS
WG_TLBR_VET_MILT_SERVICE,S_BRANCH,L_SYMBOL,Branch of Service,ALIAS
WG_TLR_DELIVERY_CODES,S_FHLMC_CODE,L_SYMBOL,ddFHLMCCodeManual,ALIAS
WG_TLR_DELIVERY_CODES,S_FNMA_CODE,L_SYMBOL,ddFNMACodeManual,ALIAS
WG_TLR_GFEREVRSN,REASON_CODE,L_SYMBOL,GFE Revision Reason,ALIAS
WG_TLR_RECORDING_INFO,BOOK_TYPE,L_SYMBOL,Book Type,ALIAS
WG_TLR_RECORDING_INFO,DOCUMENT_TYPE,L_SYMBOL,Document Type,ALIAS
WG_TLR_RECORDING_INFO,JURISDICTION_TYPE,L_SYMBOL,Rec Jurisd Type,ALIAS
WG_TLR_TITLE_INS,S_TITLESTATUS,L_SYMBOL,Title Status,ALIAS
WG_TLR_TITLE_INS,TITLE_PRODUCT_TYPE,L_SYMBOL,Title Product Type,ALIAS
WG_UCD_CD_SELLER_SIGN,S_SELL_CD_SIGN_TYPE,L_SYMBOL,Sell1 CD Sign Type,ALIAS
WG_UCD_CD_SIGNATORY,S_BORR_CD_SIGN_TYPE,L_SYMBOL,Borr1 CD Sign Type,ALIAS
WG_UWC_SUBCONDITIONS,S_COND_META1,L_SYMBOL,UWC Doc Metadata,ALIAS
WG_UWC_SUBCONDITIONS,S_COND_META2,L_SYMBOL,UWC Doc Metadata,ALIAS
WG_UWC_SUBCONDITIONS,S_COND_META3,L_SYMBOL,UWC Doc Metadata,ALIAS
WG_WEATHERIZATION,S_WTHRDES,L_SYMBOL,WeatherizationDesc,ALIAS
